"Matkan kohdekunta";"Vuosi";"Majoitus";"Yön yli matkoja, tuhatta matkaa";"Matkojen muutos, %";"Yöpymisiä, tuhatta yöpymistä";"Yöpymisten muutos, %";"Matkan keskimääräinen kesto, yötä";"Matkan mediaanikesto, yötä"
"Alajärvi";"2012";"Maksullinen majoitus";.;.;.;.;.;.
"Alajärvi";"2013";"Maksullinen majoitus";.;.;.;.;.;.
"Alajärvi";"2014";"Maksullinen majoitus";.;.;.;.;.;.
"Alajärvi";"2015";"Maksullinen majoitus";.;.;.;.;.;.
"Alajärvi";"2016";"Maksullinen majoitus";.;.;.;.;.;.
"Alajärvi";"2017";"Maksullinen majoitus";.;.;.;.;.;.
"Alajärvi";"2018";"Maksullinen majoitus";.;.;.;.;.;.
"Alajärvi";"2019";"Maksullinen majoitus";.;.;.;.;.;.
"Alajärvi";"2020";"Maksullinen majoitus";.;.;.;.;.;.
"Alajärvi";"2021";"Maksullinen majoitus";.;.;.;.;.;.
"Alajärvi";"2022";"Maksullinen majoitus";.;.;.;.;.;.
"Alajärvi";"2023";"Maksullinen majoitus";.;.;.;.;.;.
"Alavus";"2012";"Maksullinen majoitus";.;.;.;.;.;.
"Alavus";"2013";"Maksullinen majoitus";.;.;.;.;.;.
"Alavus";"2014";"Maksullinen majoitus";.;.;.;.;.;.
"Alavus";"2015";"Maksullinen majoitus";.;.;.;.;.;.
"Alavus";"2016";"Maksullinen majoitus";.;.;.;.;.;.
"Alavus";"2017";"Maksullinen majoitus";.;.;.;.;.;.
"Alavus";"2018";"Maksullinen majoitus";.;.;.;.;.;.
"Alavus";"2019";"Maksullinen majoitus";.;.;.;.;.;.
"Alavus";"2020";"Maksullinen majoitus";.;.;.;.;.;.
"Alavus";"2021";"Maksullinen majoitus";.;.;.;.;.;.
"Alavus";"2022";"Maksullinen majoitus";.;.;.;.;.;.
"Alavus";"2023";"Maksullinen majoitus";.;.;.;.;.;.
"Asikkala";"2012";"Maksullinen majoitus";.;.;.;.;.;.
"Asikkala";"2013";"Maksullinen majoitus";.;.;.;.;.;.
"Asikkala";"2014";"Maksullinen majoitus";.;.;.;.;.;.
"Asikkala";"2015";"Maksullinen majoitus";.;.;.;.;.;.
"Asikkala";"2016";"Maksullinen majoitus";.;.;.;.;.;.
"Asikkala";"2017";"Maksullinen majoitus";.;.;.;.;.;.
"Asikkala";"2018";"Maksullinen majoitus";.;.;.;.;.;.
"Asikkala";"2019";"Maksullinen majoitus";.;.;.;.;.;.
"Asikkala";"2020";"Maksullinen majoitus";.;.;.;.;.;.
"Asikkala";"2021";"Maksullinen majoitus";.;.;.;.;.;.
"Asikkala";"2022";"Maksullinen majoitus";.;.;.;.;.;.
"Asikkala";"2023";"Maksullinen majoitus";.;.;.;.;.;.
"Enontekiö";"2012";"Maksullinen majoitus";.;.;.;.;.;.
"Enontekiö";"2013";"Maksullinen majoitus";.;.;.;.;.;.
"Enontekiö";"2014";"Maksullinen majoitus";.;.;.;.;.;.
"Enontekiö";"2015";"Maksullinen majoitus";.;.;.;.;.;.
"Enontekiö";"2016";"Maksullinen majoitus";.;.;.;.;.;.
"Enontekiö";"2017";"Maksullinen majoitus";.;.;.;.;.;.
"Enontekiö";"2018";"Maksullinen majoitus";.;.;.;.;.;.
"Enontekiö";"2019";"Maksullinen majoitus";.;.;.;.;.;.
"Enontekiö";"2020";"Maksullinen majoitus";.;.;.;.;.;.
"Enontekiö";"2021";"Maksullinen majoitus";.;.;.;.;.;.
"Enontekiö";"2022";"Maksullinen majoitus";.;.;.;.;.;.
"Enontekiö";"2023";"Maksullinen majoitus";.;.;.;.;.;.
"Espoo";"2012";"Maksullinen majoitus";.;.;.;.;.;.
"Espoo";"2013";"Maksullinen majoitus";.;.;.;.;.;.
"Espoo";"2014";"Maksullinen majoitus";.;.;.;.;.;.
"Espoo";"2015";"Maksullinen majoitus";.;.;.;.;.;.
"Espoo";"2016";"Maksullinen majoitus";.;.;.;.;.;.
"Espoo";"2017";"Maksullinen majoitus";.;.;.;.;.;.
"Espoo";"2018";"Maksullinen majoitus";.;.;.;.;.;.
"Espoo";"2019";"Maksullinen majoitus";.;.;.;.;.;.
"Espoo";"2020";"Maksullinen majoitus";.;.;.;.;.;.
"Espoo";"2021";"Maksullinen majoitus";.;.;.;.;.;.
"Espoo";"2022";"Maksullinen majoitus";.;.;.;.;.;.
"Espoo";"2023";"Maksullinen majoitus";.;.;.;.;.;.
"Forssa";"2012";"Maksullinen majoitus";.;.;.;.;.;.
"Forssa";"2013";"Maksullinen majoitus";.;.;.;.;.;.
"Forssa";"2014";"Maksullinen majoitus";.;.;.;.;.;.
"Forssa";"2015";"Maksullinen majoitus";.;.;.;.;.;.
"Forssa";"2016";"Maksullinen majoitus";.;.;.;.;.;.
"Forssa";"2017";"Maksullinen majoitus";.;.;.;.;.;.
"Forssa";"2018";"Maksullinen majoitus";.;.;.;.;.;.
"Forssa";"2019";"Maksullinen majoitus";.;.;.;.;.;.
"Forssa";"2020";"Maksullinen majoitus";.;.;.;.;.;.
"Forssa";"2021";"Maksullinen majoitus";.;.;.;.;.;.
"Forssa";"2022";"Maksullinen majoitus";.;.;.;.;.;.
"Forssa";"2023";"Maksullinen majoitus";.;.;.;.;.;.
"Hamina";"2012";"Maksullinen majoitus";.;.;.;.;.;.
"Hamina";"2013";"Maksullinen majoitus";.;.;.;.;.;.
"Hamina";"2014";"Maksullinen majoitus";.;.;.;.;.;.
"Hamina";"2015";"Maksullinen majoitus";.;.;.;.;.;.
"Hamina";"2016";"Maksullinen majoitus";.;.;.;.;.;.
"Hamina";"2017";"Maksullinen majoitus";.;.;.;.;.;.
"Hamina";"2018";"Maksullinen majoitus";.;.;.;.;.;.
"Hamina";"2019";"Maksullinen majoitus";.;.;.;.;.;.
"Hamina";"2020";"Maksullinen majoitus";.;.;.;.;.;.
"Hamina";"2021";"Maksullinen majoitus";.;.;.;.;.;.
"Hamina";"2022";"Maksullinen majoitus";.;.;.;.;.;.
"Hamina";"2023";"Maksullinen majoitus";.;.;.;.;.;.
"Hanko";"2012";"Maksullinen majoitus";.;.;.;.;.;.
"Hanko";"2013";"Maksullinen majoitus";.;.;.;.;.;.
"Hanko";"2014";"Maksullinen majoitus";.;.;.;.;.;.
"Hanko";"2015";"Maksullinen majoitus";.;.;.;.;.;.
"Hanko";"2016";"Maksullinen majoitus";.;.;.;.;.;.
"Hanko";"2017";"Maksullinen majoitus";.;.;.;.;.;.
"Hanko";"2018";"Maksullinen majoitus";.;.;.;.;.;.
"Hanko";"2019";"Maksullinen majoitus";.;.;.;.;.;.
"Hanko";"2020";"Maksullinen majoitus";.;.;.;.;.;.
"Hanko";"2021";"Maksullinen majoitus";100;..;220;..;2.2;2.0
"Hanko";"2022";"Maksullinen majoitus";.;.;.;.;.;.
"Hanko";"2023";"Maksullinen majoitus";.;.;.;.;.;.
"Heinola";"2012";"Maksullinen majoitus";.;.;.;.;.;.
"Heinola";"2013";"Maksullinen majoitus";.;.;.;.;.;.
"Heinola";"2014";"Maksullinen majoitus";.;.;.;.;.;.
"Heinola";"2015";"Maksullinen majoitus";.;.;.;.;.;.
"Heinola";"2016";"Maksullinen majoitus";.;.;.;.;.;.
"Heinola";"2017";"Maksullinen majoitus";.;.;.;.;.;.
"Heinola";"2018";"Maksullinen majoitus";.;.;.;.;.;.
"Heinola";"2019";"Maksullinen majoitus";.;.;.;.;.;.
"Heinola";"2020";"Maksullinen majoitus";.;.;.;.;.;.
"Heinola";"2021";"Maksullinen majoitus";.;.;.;.;.;.
"Heinola";"2022";"Maksullinen majoitus";.;.;.;.;.;.
"Heinola";"2023";"Maksullinen majoitus";.;.;.;.;.;.
"Helsinki";"2012";"Maksullinen majoitus";850;..;1550;..;1.8;2.0
"Helsinki";"2013";"Maksullinen majoitus";790;-7;1330;-14;1.7;1.0
"Helsinki";"2014";"Maksullinen majoitus";780;-2;1350;1;1.7;2.0
"Helsinki";"2015";"Maksullinen majoitus";900;16;1640;21;1.8;1.0
"Helsinki";"2016";"Maksullinen majoitus";850;-6;1430;-13;1.7;1.0
"Helsinki";"2017";"Maksullinen majoitus";970;13;1700;19;1.8;1.0
"Helsinki";"2018";"Maksullinen majoitus";850;-12;1660;-3;2.0;2.0
"Helsinki";"2019";"Maksullinen majoitus";990;16;1800;9;1.8;2.0
"Helsinki";"2020";"Maksullinen majoitus";430;-56;900;-50;2.1;2.0
"Helsinki";"2021";"Maksullinen majoitus";620;42;1330;48;2.1;2.0
"Helsinki";"2022";"Maksullinen majoitus";850;37;1720;29;2.0;1.0
"Helsinki";"2023";"Maksullinen majoitus";550;-35;1030;-40;1.9;2.0
"Hirvensalmi";"2012";"Maksullinen majoitus";.;.;.;.;.;.
"Hirvensalmi";"2013";"Maksullinen majoitus";.;.;.;.;.;.
"Hirvensalmi";"2014";"Maksullinen majoitus";.;.;.;.;.;.
"Hirvensalmi";"2015";"Maksullinen majoitus";.;.;.;.;.;.
"Hirvensalmi";"2016";"Maksullinen majoitus";.;.;.;.;.;.
"Hirvensalmi";"2017";"Maksullinen majoitus";.;.;.;.;.;.
"Hirvensalmi";"2018";"Maksullinen majoitus";.;.;.;.;.;.
"Hirvensalmi";"2019";"Maksullinen majoitus";.;.;.;.;.;.
"Hirvensalmi";"2020";"Maksullinen majoitus";.;.;.;.;.;.
"Hirvensalmi";"2021";"Maksullinen majoitus";.;.;.;.;.;.
"Hirvensalmi";"2022";"Maksullinen majoitus";.;.;.;.;.;.
"Hirvensalmi";"2023";"Maksullinen majoitus";.;.;.;.;.;.
"Hollola";"2012";"Maksullinen majoitus";.;.;.;.;.;.
"Hollola";"2013";"Maksullinen majoitus";.;.;.;.;.;.
"Hollola";"2014";"Maksullinen majoitus";.;.;.;.;.;.
"Hollola";"2015";"Maksullinen majoitus";.;.;.;.;.;.
"Hollola";"2016";"Maksullinen majoitus";.;.;.;.;.;.
"Hollola";"2017";"Maksullinen majoitus";.;.;.;.;.;.
"Hollola";"2018";"Maksullinen majoitus";.;.;.;.;.;.
"Hollola";"2019";"Maksullinen majoitus";.;.;.;.;.;.
"Hollola";"2020";"Maksullinen majoitus";.;.;.;.;.;.
"Hollola";"2021";"Maksullinen majoitus";.;.;.;.;.;.
"Hollola";"2022";"Maksullinen majoitus";.;.;.;.;.;.
"Hollola";"2023";"Maksullinen majoitus";.;.;.;.;.;.
"Hyvinkää";"2012";"Maksullinen majoitus";.;.;.;.;.;.
"Hyvinkää";"2013";"Maksullinen majoitus";.;.;.;.;.;.
"Hyvinkää";"2014";"Maksullinen majoitus";.;.;.;.;.;.
"Hyvinkää";"2015";"Maksullinen majoitus";.;.;.;.;.;.
"Hyvinkää";"2016";"Maksullinen majoitus";.;.;.;.;.;.
"Hyvinkää";"2017";"Maksullinen majoitus";.;.;.;.;.;.
"Hyvinkää";"2018";"Maksullinen majoitus";.;.;.;.;.;.
"Hyvinkää";"2019";"Maksullinen majoitus";.;.;.;.;.;.
"Hyvinkää";"2020";"Maksullinen majoitus";.;.;.;.;.;.
"Hyvinkää";"2021";"Maksullinen majoitus";.;.;.;.;.;.
"Hyvinkää";"2022";"Maksullinen majoitus";.;.;.;.;.;.
"Hyvinkää";"2023";"Maksullinen majoitus";.;.;.;.;.;.
"Hämeenlinna";"2012";"Maksullinen majoitus";.;.;.;.;.;.
"Hämeenlinna";"2013";"Maksullinen majoitus";120;..;250;..;2.1;1.0
"Hämeenlinna";"2014";"Maksullinen majoitus";.;.;.;.;.;.
"Hämeenlinna";"2015";"Maksullinen majoitus";.;.;.;.;.;.
"Hämeenlinna";"2016";"Maksullinen majoitus";120;..;240;..;2.0;1.0
"Hämeenlinna";"2017";"Maksullinen majoitus";120;3;230;-7;1.9;2.0
"Hämeenlinna";"2018";"Maksullinen majoitus";130;14;290;27;2.2;1.0
"Hämeenlinna";"2019";"Maksullinen majoitus";170;22;320;13;1.9;1.5
"Hämeenlinna";"2020";"Maksullinen majoitus";100;-38;180;-44;1.8;2.0
"Hämeenlinna";"2021";"Maksullinen majoitus";110;10;170;-7;1.5;1.0
"Hämeenlinna";"2022";"Maksullinen majoitus";120;10;300;79;2.5;2.0
"Hämeenlinna";"2023";"Maksullinen majoitus";.;.;.;.;.;.
"Iisalmi";"2012";"Maksullinen majoitus";.;.;.;.;.;.
"Iisalmi";"2013";"Maksullinen majoitus";.;.;.;.;.;.
"Iisalmi";"2014";"Maksullinen majoitus";.;.;.;.;.;.
"Iisalmi";"2015";"Maksullinen majoitus";.;.;.;.;.;.
"Iisalmi";"2016";"Maksullinen majoitus";.;.;.;.;.;.
"Iisalmi";"2017";"Maksullinen majoitus";.;.;.;.;.;.
"Iisalmi";"2018";"Maksullinen majoitus";.;.;.;.;.;.
"Iisalmi";"2019";"Maksullinen majoitus";.;.;.;.;.;.
"Iisalmi";"2020";"Maksullinen majoitus";.;.;.;.;.;.
"Iisalmi";"2021";"Maksullinen majoitus";.;.;.;.;.;.
"Iisalmi";"2022";"Maksullinen majoitus";.;.;.;.;.;.
"Iisalmi";"2023";"Maksullinen majoitus";.;.;.;.;.;.
"Iitti";"2012";"Maksullinen majoitus";.;.;.;.;.;.
"Iitti";"2013";"Maksullinen majoitus";.;.;.;.;.;.
"Iitti";"2014";"Maksullinen majoitus";.;.;.;.;.;.
"Iitti";"2015";"Maksullinen majoitus";.;.;.;.;.;.
"Iitti";"2016";"Maksullinen majoitus";.;.;.;.;.;.
"Iitti";"2017";"Maksullinen majoitus";.;.;.;.;.;.
"Iitti";"2018";"Maksullinen majoitus";.;.;.;.;.;.
"Iitti";"2019";"Maksullinen majoitus";.;.;.;.;.;.
"Iitti";"2020";"Maksullinen majoitus";.;.;.;.;.;.
"Iitti";"2021";"Maksullinen majoitus";.;.;.;.;.;.
"Iitti";"2022";"Maksullinen majoitus";.;.;.;.;.;.
"Iitti";"2023";"Maksullinen majoitus";.;.;.;.;.;.
"Ikaalinen";"2012";"Maksullinen majoitus";.;.;.;.;.;.
"Ikaalinen";"2013";"Maksullinen majoitus";.;.;.;.;.;.
"Ikaalinen";"2014";"Maksullinen majoitus";.;.;.;.;.;.
"Ikaalinen";"2015";"Maksullinen majoitus";.;.;.;.;.;.
"Ikaalinen";"2016";"Maksullinen majoitus";.;.;.;.;.;.
"Ikaalinen";"2017";"Maksullinen majoitus";.;.;.;.;.;.
"Ikaalinen";"2018";"Maksullinen majoitus";.;.;.;.;.;.
"Ikaalinen";"2019";"Maksullinen majoitus";.;.;.;.;.;.
"Ikaalinen";"2020";"Maksullinen majoitus";.;.;.;.;.;.
"Ikaalinen";"2021";"Maksullinen majoitus";.;.;.;.;.;.
"Ikaalinen";"2022";"Maksullinen majoitus";.;.;.;.;.;.
"Ikaalinen";"2023";"Maksullinen majoitus";.;.;.;.;.;.
"Imatra";"2012";"Maksullinen majoitus";.;.;.;.;.;.
"Imatra";"2013";"Maksullinen majoitus";.;.;.;.;.;.
"Imatra";"2014";"Maksullinen majoitus";.;.;.;.;.;.
"Imatra";"2015";"Maksullinen majoitus";.;.;.;.;.;.
"Imatra";"2016";"Maksullinen majoitus";.;.;.;.;.;.
"Imatra";"2017";"Maksullinen majoitus";.;.;.;.;.;.
"Imatra";"2018";"Maksullinen majoitus";.;.;.;.;.;.
"Imatra";"2019";"Maksullinen majoitus";120;..;320;..;2.7;2.0
"Imatra";"2020";"Maksullinen majoitus";.;.;.;.;.;.
"Imatra";"2021";"Maksullinen majoitus";.;.;.;.;.;.
"Imatra";"2022";"Maksullinen majoitus";.;.;.;.;.;.
"Imatra";"2023";"Maksullinen majoitus";.;.;.;.;.;.
"Inari";"2012";"Maksullinen majoitus";.;.;.;.;.;.
"Inari";"2013";"Maksullinen majoitus";.;.;.;.;.;.
"Inari";"2014";"Maksullinen majoitus";120;..;690;..;5.8;5.0
"Inari";"2015";"Maksullinen majoitus";.;.;.;.;.;.
"Inari";"2016";"Maksullinen majoitus";100;..;570;..;5.7;5.0
"Inari";"2017";"Maksullinen majoitus";.;.;.;.;.;.
"Inari";"2018";"Maksullinen majoitus";140;..;740;..;5.3;6.0
"Inari";"2019";"Maksullinen majoitus";140;3;670;-10;4.8;5.0
"Inari";"2020";"Maksullinen majoitus";160;12;930;39;5.8;6.0
"Inari";"2021";"Maksullinen majoitus";120;-23;830;-11;6.9;6.0
"Inari";"2022";"Maksullinen majoitus";160;29;1040;26;6.5;5.0
"Inari";"2023";"Maksullinen majoitus";.;.;.;.;.;.
"Janakkala";"2012";"Maksullinen majoitus";.;.;.;.;.;.
"Janakkala";"2013";"Maksullinen majoitus";.;.;.;.;.;.
"Janakkala";"2014";"Maksullinen majoitus";.;.;.;.;.;.
"Janakkala";"2015";"Maksullinen majoitus";.;.;.;.;.;.
"Janakkala";"2016";"Maksullinen majoitus";.;.;.;.;.;.
"Janakkala";"2017";"Maksullinen majoitus";.;.;.;.;.;.
"Janakkala";"2018";"Maksullinen majoitus";.;.;.;.;.;.
"Janakkala";"2019";"Maksullinen majoitus";.;.;.;.;.;.
"Janakkala";"2020";"Maksullinen majoitus";.;.;.;.;.;.
"Janakkala";"2021";"Maksullinen majoitus";.;.;.;.;.;.
"Janakkala";"2022";"Maksullinen majoitus";.;.;.;.;.;.
"Janakkala";"2023";"Maksullinen majoitus";.;.;.;.;.;.
"Joensuu";"2012";"Maksullinen majoitus";100;..;180;..;1.8;2.0
"Joensuu";"2013";"Maksullinen majoitus";.;.;.;.;.;.
"Joensuu";"2014";"Maksullinen majoitus";110;..;330;..;3.0;2.0
"Joensuu";"2015";"Maksullinen majoitus";.;.;.;.;.;.
"Joensuu";"2016";"Maksullinen majoitus";.;.;.;.;.;.
"Joensuu";"2017";"Maksullinen majoitus";.;.;.;.;.;.
"Joensuu";"2018";"Maksullinen majoitus";.;.;.;.;.;.
"Joensuu";"2019";"Maksullinen majoitus";.;.;.;.;.;.
"Joensuu";"2020";"Maksullinen majoitus";120;..;350;..;2.9;2.0
"Joensuu";"2021";"Maksullinen majoitus";.;.;.;.;.;.
"Joensuu";"2022";"Maksullinen majoitus";100;..;290;..;2.9;2.0
"Joensuu";"2023";"Maksullinen majoitus";.;.;.;.;.;.
"Joutsa";"2012";"Maksullinen majoitus";.;.;.;.;.;.
"Joutsa";"2013";"Maksullinen majoitus";.;.;.;.;.;.
"Joutsa";"2014";"Maksullinen majoitus";.;.;.;.;.;.
"Joutsa";"2015";"Maksullinen majoitus";.;.;.;.;.;.
"Joutsa";"2016";"Maksullinen majoitus";.;.;.;.;.;.
"Joutsa";"2017";"Maksullinen majoitus";.;.;.;.;.;.
"Joutsa";"2018";"Maksullinen majoitus";.;.;.;.;.;.
"Joutsa";"2019";"Maksullinen majoitus";.;.;.;.;.;.
"Joutsa";"2020";"Maksullinen majoitus";.;.;.;.;.;.
"Joutsa";"2021";"Maksullinen majoitus";.;.;.;.;.;.
"Joutsa";"2022";"Maksullinen majoitus";.;.;.;.;.;.
"Joutsa";"2023";"Maksullinen majoitus";.;.;.;.;.;.
"Jyväskylä";"2012";"Maksullinen majoitus";190;..;350;..;1.8;1.5
"Jyväskylä";"2013";"Maksullinen majoitus";200;6;310;-11;1.6;1.0
"Jyväskylä";"2014";"Maksullinen majoitus";240;21;400;31;1.7;2.0
"Jyväskylä";"2015";"Maksullinen majoitus";210;-13;400;0;1.9;2.0
"Jyväskylä";"2016";"Maksullinen majoitus";260;28;480;20;1.8;2.0
"Jyväskylä";"2017";"Maksullinen majoitus";170;-34;270;-44;1.6;1.0
"Jyväskylä";"2018";"Maksullinen majoitus";200;15;420;54;2.1;1.0
"Jyväskylä";"2019";"Maksullinen majoitus";230;16;450;7;2.0;2.0
"Jyväskylä";"2020";"Maksullinen majoitus";120;-49;240;-46;2.0;2.0
"Jyväskylä";"2021";"Maksullinen majoitus";210;80;460;89;2.2;2.0
"Jyväskylä";"2022";"Maksullinen majoitus";120;-46;180;-61;1.5;2.0
"Jyväskylä";"2023";"Maksullinen majoitus";110;-6;220;20;2.0;2.0
"Jämsä";"2012";"Maksullinen majoitus";.;.;.;.;.;.
"Jämsä";"2013";"Maksullinen majoitus";120;..;250;..;2.1;2.0
"Jämsä";"2014";"Maksullinen majoitus";.;.;.;.;.;.
"Jämsä";"2015";"Maksullinen majoitus";100;..;240;..;2.4;2.0
"Jämsä";"2016";"Maksullinen majoitus";.;.;.;.;.;.
"Jämsä";"2017";"Maksullinen majoitus";.;.;.;.;.;.
"Jämsä";"2018";"Maksullinen majoitus";.;.;.;.;.;.
"Jämsä";"2019";"Maksullinen majoitus";110;..;310;..;2.8;2.0
"Jämsä";"2020";"Maksullinen majoitus";.;.;.;.;.;.
"Jämsä";"2021";"Maksullinen majoitus";150;..;490;..;3.3;3.0
"Jämsä";"2022";"Maksullinen majoitus";120;-25;370;-25;3.1;2.0
"Jämsä";"2023";"Maksullinen majoitus";.;.;.;.;.;.
"Kajaani";"2012";"Maksullinen majoitus";.;.;.;.;.;.
"Kajaani";"2013";"Maksullinen majoitus";.;.;.;.;.;.
"Kajaani";"2014";"Maksullinen majoitus";.;.;.;.;.;.
"Kajaani";"2015";"Maksullinen majoitus";.;.;.;.;.;.
"Kajaani";"2016";"Maksullinen majoitus";.;.;.;.;.;.
"Kajaani";"2017";"Maksullinen majoitus";.;.;.;.;.;.
"Kajaani";"2018";"Maksullinen majoitus";.;.;.;.;.;.
"Kajaani";"2019";"Maksullinen majoitus";.;.;.;.;.;.
"Kajaani";"2020";"Maksullinen majoitus";.;.;.;.;.;.
"Kajaani";"2021";"Maksullinen majoitus";.;.;.;.;.;.
"Kajaani";"2022";"Maksullinen majoitus";.;.;.;.;.;.
"Kajaani";"2023";"Maksullinen majoitus";.;.;.;.;.;.
"Kalajoki";"2012";"Maksullinen majoitus";.;.;.;.;.;.
"Kalajoki";"2013";"Maksullinen majoitus";.;.;.;.;.;.
"Kalajoki";"2014";"Maksullinen majoitus";.;.;.;.;.;.
"Kalajoki";"2015";"Maksullinen majoitus";.;.;.;.;.;.
"Kalajoki";"2016";"Maksullinen majoitus";.;.;.;.;.;.
"Kalajoki";"2017";"Maksullinen majoitus";.;.;.;.;.;.
"Kalajoki";"2018";"Maksullinen majoitus";.;.;.;.;.;.
"Kalajoki";"2019";"Maksullinen majoitus";.;.;.;.;.;.
"Kalajoki";"2020";"Maksullinen majoitus";.;.;.;.;.;.
"Kalajoki";"2021";"Maksullinen majoitus";.;.;.;.;.;.
"Kalajoki";"2022";"Maksullinen majoitus";.;.;.;.;.;.
"Kalajoki";"2023";"Maksullinen majoitus";.;.;.;.;.;.
"Kangasala";"2012";"Maksullinen majoitus";.;.;.;.;.;.
"Kangasala";"2013";"Maksullinen majoitus";.;.;.;.;.;.
"Kangasala";"2014";"Maksullinen majoitus";.;.;.;.;.;.
"Kangasala";"2015";"Maksullinen majoitus";.;.;.;.;.;.
"Kangasala";"2016";"Maksullinen majoitus";.;.;.;.;.;.
"Kangasala";"2017";"Maksullinen majoitus";.;.;.;.;.;.
"Kangasala";"2018";"Maksullinen majoitus";.;.;.;.;.;.
"Kangasala";"2019";"Maksullinen majoitus";.;.;.;.;.;.
"Kangasala";"2020";"Maksullinen majoitus";.;.;.;.;.;.
"Kangasala";"2021";"Maksullinen majoitus";.;.;.;.;.;.
"Kangasala";"2022";"Maksullinen majoitus";.;.;.;.;.;.
"Kangasala";"2023";"Maksullinen majoitus";.;.;.;.;.;.
"Kangasniemi";"2012";"Maksullinen majoitus";.;.;.;.;.;.
"Kangasniemi";"2013";"Maksullinen majoitus";.;.;.;.;.;.
"Kangasniemi";"2014";"Maksullinen majoitus";.;.;.;.;.;.
"Kangasniemi";"2015";"Maksullinen majoitus";.;.;.;.;.;.
"Kangasniemi";"2016";"Maksullinen majoitus";.;.;.;.;.;.
"Kangasniemi";"2017";"Maksullinen majoitus";.;.;.;.;.;.
"Kangasniemi";"2018";"Maksullinen majoitus";.;.;.;.;.;.
"Kangasniemi";"2019";"Maksullinen majoitus";.;.;.;.;.;.
"Kangasniemi";"2020";"Maksullinen majoitus";.;.;.;.;.;.
"Kangasniemi";"2021";"Maksullinen majoitus";.;.;.;.;.;.
"Kangasniemi";"2022";"Maksullinen majoitus";.;.;.;.;.;.
"Kangasniemi";"2023";"Maksullinen majoitus";.;.;.;.;.;.
"Kankaanpää";"2012";"Maksullinen majoitus";.;.;.;.;.;.
"Kankaanpää";"2013";"Maksullinen majoitus";.;.;.;.;.;.
"Kankaanpää";"2014";"Maksullinen majoitus";.;.;.;.;.;.
"Kankaanpää";"2015";"Maksullinen majoitus";.;.;.;.;.;.
"Kankaanpää";"2016";"Maksullinen majoitus";.;.;.;.;.;.
"Kankaanpää";"2017";"Maksullinen majoitus";.;.;.;.;.;.
"Kankaanpää";"2018";"Maksullinen majoitus";.;.;.;.;.;.
"Kankaanpää";"2019";"Maksullinen majoitus";.;.;.;.;.;.
"Kankaanpää";"2020";"Maksullinen majoitus";.;.;.;.;.;.
"Kankaanpää";"2021";"Maksullinen majoitus";.;.;.;.;.;.
"Kankaanpää";"2022";"Maksullinen majoitus";.;.;.;.;.;.
"Kankaanpää";"2023";"Maksullinen majoitus";.;.;.;.;.;.
"Kauhava";"2012";"Maksullinen majoitus";.;.;.;.;.;.
"Kauhava";"2013";"Maksullinen majoitus";.;.;.;.;.;.
"Kauhava";"2014";"Maksullinen majoitus";.;.;.;.;.;.
"Kauhava";"2015";"Maksullinen majoitus";.;.;.;.;.;.
"Kauhava";"2016";"Maksullinen majoitus";.;.;.;.;.;.
"Kauhava";"2017";"Maksullinen majoitus";.;.;.;.;.;.
"Kauhava";"2018";"Maksullinen majoitus";.;.;.;.;.;.
"Kauhava";"2019";"Maksullinen majoitus";.;.;.;.;.;.
"Kauhava";"2020";"Maksullinen majoitus";.;.;.;.;.;.
"Kauhava";"2021";"Maksullinen majoitus";.;.;.;.;.;.
"Kauhava";"2022";"Maksullinen majoitus";.;.;.;.;.;.
"Kauhava";"2023";"Maksullinen majoitus";.;.;.;.;.;.
"Kemi";"2012";"Maksullinen majoitus";.;.;.;.;.;.
"Kemi";"2013";"Maksullinen majoitus";.;.;.;.;.;.
"Kemi";"2014";"Maksullinen majoitus";.;.;.;.;.;.
"Kemi";"2015";"Maksullinen majoitus";.;.;.;.;.;.
"Kemi";"2016";"Maksullinen majoitus";.;.;.;.;.;.
"Kemi";"2017";"Maksullinen majoitus";.;.;.;.;.;.
"Kemi";"2018";"Maksullinen majoitus";.;.;.;.;.;.
"Kemi";"2019";"Maksullinen majoitus";.;.;.;.;.;.
"Kemi";"2020";"Maksullinen majoitus";.;.;.;.;.;.
"Kemi";"2021";"Maksullinen majoitus";.;.;.;.;.;.
"Kemi";"2022";"Maksullinen majoitus";.;.;.;.;.;.
"Kemi";"2023";"Maksullinen majoitus";.;.;.;.;.;.
"Kemijärvi";"2012";"Maksullinen majoitus";.;.;.;.;.;.
"Kemijärvi";"2013";"Maksullinen majoitus";.;.;.;.;.;.
"Kemijärvi";"2014";"Maksullinen majoitus";.;.;.;.;.;.
"Kemijärvi";"2015";"Maksullinen majoitus";.;.;.;.;.;.
"Kemijärvi";"2016";"Maksullinen majoitus";.;.;.;.;.;.
"Kemijärvi";"2017";"Maksullinen majoitus";.;.;.;.;.;.
"Kemijärvi";"2018";"Maksullinen majoitus";.;.;.;.;.;.
"Kemijärvi";"2019";"Maksullinen majoitus";.;.;.;.;.;.
"Kemijärvi";"2020";"Maksullinen majoitus";.;.;.;.;.;.
"Kemijärvi";"2021";"Maksullinen majoitus";.;.;.;.;.;.
"Kemijärvi";"2022";"Maksullinen majoitus";.;.;.;.;.;.
"Kemijärvi";"2023";"Maksullinen majoitus";.;.;.;.;.;.
"Kemiönsaari";"2012";"Maksullinen majoitus";.;.;.;.;.;.
"Kemiönsaari";"2013";"Maksullinen majoitus";.;.;.;.;.;.
"Kemiönsaari";"2014";"Maksullinen majoitus";.;.;.;.;.;.
"Kemiönsaari";"2015";"Maksullinen majoitus";.;.;.;.;.;.
"Kemiönsaari";"2016";"Maksullinen majoitus";.;.;.;.;.;.
"Kemiönsaari";"2017";"Maksullinen majoitus";.;.;.;.;.;.
"Kemiönsaari";"2018";"Maksullinen majoitus";.;.;.;.;.;.
"Kemiönsaari";"2019";"Maksullinen majoitus";.;.;.;.;.;.
"Kemiönsaari";"2020";"Maksullinen majoitus";.;.;.;.;.;.
"Kemiönsaari";"2021";"Maksullinen majoitus";.;.;.;.;.;.
"Kemiönsaari";"2022";"Maksullinen majoitus";.;.;.;.;.;.
"Kemiönsaari";"2023";"Maksullinen majoitus";.;.;.;.;.;.
"Keuruu";"2012";"Maksullinen majoitus";.;.;.;.;.;.
"Keuruu";"2013";"Maksullinen majoitus";.;.;.;.;.;.
"Keuruu";"2014";"Maksullinen majoitus";.;.;.;.;.;.
"Keuruu";"2015";"Maksullinen majoitus";.;.;.;.;.;.
"Keuruu";"2016";"Maksullinen majoitus";.;.;.;.;.;.
"Keuruu";"2017";"Maksullinen majoitus";.;.;.;.;.;.
"Keuruu";"2018";"Maksullinen majoitus";.;.;.;.;.;.
"Keuruu";"2019";"Maksullinen majoitus";.;.;.;.;.;.
"Keuruu";"2020";"Maksullinen majoitus";.;.;.;.;.;.
"Keuruu";"2021";"Maksullinen majoitus";.;.;.;.;.;.
"Keuruu";"2022";"Maksullinen majoitus";.;.;.;.;.;.
"Keuruu";"2023";"Maksullinen majoitus";.;.;.;.;.;.
"Kirkkonummi";"2012";"Maksullinen majoitus";.;.;.;.;.;.
"Kirkkonummi";"2013";"Maksullinen majoitus";.;.;.;.;.;.
"Kirkkonummi";"2014";"Maksullinen majoitus";.;.;.;.;.;.
"Kirkkonummi";"2015";"Maksullinen majoitus";.;.;.;.;.;.
"Kirkkonummi";"2016";"Maksullinen majoitus";.;.;.;.;.;.
"Kirkkonummi";"2017";"Maksullinen majoitus";.;.;.;.;.;.
"Kirkkonummi";"2018";"Maksullinen majoitus";.;.;.;.;.;.
"Kirkkonummi";"2019";"Maksullinen majoitus";.;.;.;.;.;.
"Kirkkonummi";"2020";"Maksullinen majoitus";.;.;.;.;.;.
"Kirkkonummi";"2021";"Maksullinen majoitus";.;.;.;.;.;.
"Kirkkonummi";"2022";"Maksullinen majoitus";.;.;.;.;.;.
"Kirkkonummi";"2023";"Maksullinen majoitus";.;.;.;.;.;.
"Kitee";"2012";"Maksullinen majoitus";.;.;.;.;.;.
"Kitee";"2013";"Maksullinen majoitus";.;.;.;.;.;.
"Kitee";"2014";"Maksullinen majoitus";.;.;.;.;.;.
"Kitee";"2015";"Maksullinen majoitus";.;.;.;.;.;.
"Kitee";"2016";"Maksullinen majoitus";.;.;.;.;.;.
"Kitee";"2017";"Maksullinen majoitus";.;.;.;.;.;.
"Kitee";"2018";"Maksullinen majoitus";.;.;.;.;.;.
"Kitee";"2019";"Maksullinen majoitus";.;.;.;.;.;.
"Kitee";"2020";"Maksullinen majoitus";.;.;.;.;.;.
"Kitee";"2021";"Maksullinen majoitus";.;.;.;.;.;.
"Kitee";"2022";"Maksullinen majoitus";.;.;.;.;.;.
"Kitee";"2023";"Maksullinen majoitus";.;.;.;.;.;.
"Kittilä";"2012";"Maksullinen majoitus";170;..;800;..;4.7;5.0
"Kittilä";"2013";"Maksullinen majoitus";170;-1;870;9;5.1;5.0
"Kittilä";"2014";"Maksullinen majoitus";170;-1;780;-11;4.6;5.0
"Kittilä";"2015";"Maksullinen majoitus";170;5;880;14;5.2;5.0
"Kittilä";"2016";"Maksullinen majoitus";120;-29;730;-18;6.1;6.0
"Kittilä";"2017";"Maksullinen majoitus";170;38;750;3;4.4;4.0
"Kittilä";"2018";"Maksullinen majoitus";180;4;890;19;4.9;4.5
"Kittilä";"2019";"Maksullinen majoitus";170;-7;770;-13;4.5;5.0
"Kittilä";"2020";"Maksullinen majoitus";150;-9;870;12;5.8;5.5
"Kittilä";"2021";"Maksullinen majoitus";180;19;970;12;5.4;5.0
"Kittilä";"2022";"Maksullinen majoitus";250;41;1360;40;5.4;6.0
"Kittilä";"2023";"Maksullinen majoitus";110;-56;670;-51;6.1;6.5
"Kokkola";"2012";"Maksullinen majoitus";.;.;.;.;.;.
"Kokkola";"2013";"Maksullinen majoitus";.;.;.;.;.;.
"Kokkola";"2014";"Maksullinen majoitus";.;.;.;.;.;.
"Kokkola";"2015";"Maksullinen majoitus";.;.;.;.;.;.
"Kokkola";"2016";"Maksullinen majoitus";.;.;.;.;.;.
"Kokkola";"2017";"Maksullinen majoitus";.;.;.;.;.;.
"Kokkola";"2018";"Maksullinen majoitus";.;.;.;.;.;.
"Kokkola";"2019";"Maksullinen majoitus";.;.;.;.;.;.
"Kokkola";"2020";"Maksullinen majoitus";.;.;.;.;.;.
"Kokkola";"2021";"Maksullinen majoitus";.;.;.;.;.;.
"Kokkola";"2022";"Maksullinen majoitus";.;.;.;.;.;.
"Kokkola";"2023";"Maksullinen majoitus";.;.;.;.;.;.
"Kolari";"2012";"Maksullinen majoitus";100;..;530;..;5.3;6.0
"Kolari";"2013";"Maksullinen majoitus";130;33;830;56;6.4;7.0
"Kolari";"2014";"Maksullinen majoitus";100;-28;600;-28;6.0;7.0
"Kolari";"2015";"Maksullinen majoitus";.;.;.;.;.;.
"Kolari";"2016";"Maksullinen majoitus";.;.;.;.;.;.
"Kolari";"2017";"Maksullinen majoitus";130;..;780;..;6.0;6.0
"Kolari";"2018";"Maksullinen majoitus";140;11;930;18;6.6;7.0
"Kolari";"2019";"Maksullinen majoitus";.;.;.;.;.;.
"Kolari";"2020";"Maksullinen majoitus";130;..;800;..;6.2;7.0
"Kolari";"2021";"Maksullinen majoitus";140;7;930;16;6.6;7.0
"Kolari";"2022";"Maksullinen majoitus";.;.;.;.;.;.
"Kolari";"2023";"Maksullinen majoitus";100;..;620;..;6.2;7.0
"Kotka";"2012";"Maksullinen majoitus";.;.;.;.;.;.
"Kotka";"2013";"Maksullinen majoitus";.;.;.;.;.;.
"Kotka";"2014";"Maksullinen majoitus";.;.;.;.;.;.
"Kotka";"2015";"Maksullinen majoitus";.;.;.;.;.;.
"Kotka";"2016";"Maksullinen majoitus";.;.;.;.;.;.
"Kotka";"2017";"Maksullinen majoitus";.;.;.;.;.;.
"Kotka";"2018";"Maksullinen majoitus";.;.;.;.;.;.
"Kotka";"2019";"Maksullinen majoitus";.;.;.;.;.;.
"Kotka";"2020";"Maksullinen majoitus";.;.;.;.;.;.
"Kotka";"2021";"Maksullinen majoitus";.;.;.;.;.;.
"Kotka";"2022";"Maksullinen majoitus";.;.;.;.;.;.
"Kotka";"2023";"Maksullinen majoitus";.;.;.;.;.;.
"Kouvola";"2012";"Maksullinen majoitus";.;.;.;.;.;.
"Kouvola";"2013";"Maksullinen majoitus";.;.;.;.;.;.
"Kouvola";"2014";"Maksullinen majoitus";.;.;.;.;.;.
"Kouvola";"2015";"Maksullinen majoitus";.;.;.;.;.;.
"Kouvola";"2016";"Maksullinen majoitus";.;.;.;.;.;.
"Kouvola";"2017";"Maksullinen majoitus";.;.;.;.;.;.
"Kouvola";"2018";"Maksullinen majoitus";.;.;.;.;.;.
"Kouvola";"2019";"Maksullinen majoitus";.;.;.;.;.;.
"Kouvola";"2020";"Maksullinen majoitus";.;.;.;.;.;.
"Kouvola";"2021";"Maksullinen majoitus";.;.;.;.;.;.
"Kouvola";"2022";"Maksullinen majoitus";.;.;.;.;.;.
"Kouvola";"2023";"Maksullinen majoitus";.;.;.;.;.;.
"Kuhmoinen";"2012";"Maksullinen majoitus";.;.;.;.;.;.
"Kuhmoinen";"2013";"Maksullinen majoitus";.;.;.;.;.;.
"Kuhmoinen";"2014";"Maksullinen majoitus";.;.;.;.;.;.
"Kuhmoinen";"2015";"Maksullinen majoitus";.;.;.;.;.;.
"Kuhmoinen";"2016";"Maksullinen majoitus";.;.;.;.;.;.
"Kuhmoinen";"2017";"Maksullinen majoitus";.;.;.;.;.;.
"Kuhmoinen";"2018";"Maksullinen majoitus";.;.;.;.;.;.
"Kuhmoinen";"2019";"Maksullinen majoitus";.;.;.;.;.;.
"Kuhmoinen";"2020";"Maksullinen majoitus";.;.;.;.;.;.
"Kuhmoinen";"2021";"Maksullinen majoitus";.;.;.;.;.;.
"Kuhmoinen";"2022";"Maksullinen majoitus";.;.;.;.;.;.
"Kuhmoinen";"2023";"Maksullinen majoitus";.;.;.;.;.;.
"Kuopio";"2012";"Maksullinen majoitus";340;..;850;..;2.5;2.0
"Kuopio";"2013";"Maksullinen majoitus";290;-15;710;-16;2.4;2.0
"Kuopio";"2014";"Maksullinen majoitus";300;2;660;-7;2.2;2.0
"Kuopio";"2015";"Maksullinen majoitus";320;8;850;28;2.7;2.0
"Kuopio";"2016";"Maksullinen majoitus";310;-4;760;-10;2.5;2.0
"Kuopio";"2017";"Maksullinen majoitus";300;-3;690;-10;2.3;2.0
"Kuopio";"2018";"Maksullinen majoitus";230;-22;670;-2;2.9;2.0
"Kuopio";"2019";"Maksullinen majoitus";260;9;630;-7;2.4;2.0
"Kuopio";"2020";"Maksullinen majoitus";230;-8;650;4;2.8;2.0
"Kuopio";"2021";"Maksullinen majoitus";270;16;950;46;3.5;3.0
"Kuopio";"2022";"Maksullinen majoitus";250;-8;630;-34;2.5;2.0
"Kuopio";"2023";"Maksullinen majoitus";170;-31;540;-15;3.2;2.0
"Kurikka";"2012";"Maksullinen majoitus";.;.;.;.;.;.
"Kurikka";"2013";"Maksullinen majoitus";.;.;.;.;.;.
"Kurikka";"2014";"Maksullinen majoitus";.;.;.;.;.;.
"Kurikka";"2015";"Maksullinen majoitus";.;.;.;.;.;.
"Kurikka";"2016";"Maksullinen majoitus";.;.;.;.;.;.
"Kurikka";"2017";"Maksullinen majoitus";.;.;.;.;.;.
"Kurikka";"2018";"Maksullinen majoitus";.;.;.;.;.;.
"Kurikka";"2019";"Maksullinen majoitus";.;.;.;.;.;.
"Kurikka";"2020";"Maksullinen majoitus";.;.;.;.;.;.
"Kurikka";"2021";"Maksullinen majoitus";.;.;.;.;.;.
"Kurikka";"2022";"Maksullinen majoitus";.;.;.;.;.;.
"Kurikka";"2023";"Maksullinen majoitus";.;.;.;.;.;.
"Kustavi";"2012";"Maksullinen majoitus";.;.;.;.;.;.
"Kustavi";"2013";"Maksullinen majoitus";.;.;.;.;.;.
"Kustavi";"2014";"Maksullinen majoitus";.;.;.;.;.;.
"Kustavi";"2015";"Maksullinen majoitus";.;.;.;.;.;.
"Kustavi";"2016";"Maksullinen majoitus";.;.;.;.;.;.
"Kustavi";"2017";"Maksullinen majoitus";.;.;.;.;.;.
"Kustavi";"2018";"Maksullinen majoitus";.;.;.;.;.;.
"Kustavi";"2019";"Maksullinen majoitus";.;.;.;.;.;.
"Kustavi";"2020";"Maksullinen majoitus";.;.;.;.;.;.
"Kustavi";"2021";"Maksullinen majoitus";.;.;.;.;.;.
"Kustavi";"2022";"Maksullinen majoitus";.;.;.;.;.;.
"Kustavi";"2023";"Maksullinen majoitus";.;.;.;.;.;.
"Kuusamo";"2012";"Maksullinen majoitus";220;..;870;..;4.0;4.0
"Kuusamo";"2013";"Maksullinen majoitus";230;3;900;3;3.9;3.0
"Kuusamo";"2014";"Maksullinen majoitus";200;-9;940;5;4.7;4.0
"Kuusamo";"2015";"Maksullinen majoitus";210;5;1020;8;4.9;4.0
"Kuusamo";"2016";"Maksullinen majoitus";300;39;1350;33;4.5;4.0
"Kuusamo";"2017";"Maksullinen majoitus";200;-33;850;-37;4.3;4.0
"Kuusamo";"2018";"Maksullinen majoitus";240;20;990;17;4.1;3.0
"Kuusamo";"2019";"Maksullinen majoitus";230;-7;1160;17;5.0;5.5
"Kuusamo";"2020";"Maksullinen majoitus";220;-2;1100;-5;5.0;4.0
"Kuusamo";"2021";"Maksullinen majoitus";320;45;1570;43;4.9;4.0
"Kuusamo";"2022";"Maksullinen majoitus";240;-25;1220;-23;5.1;5.0
"Kuusamo";"2023";"Maksullinen majoitus";140;-42;720;-41;5.1;5.0
"Lahti";"2012";"Maksullinen majoitus";.;.;.;.;.;.
"Lahti";"2013";"Maksullinen majoitus";100;..;240;..;2.4;2.0
"Lahti";"2014";"Maksullinen majoitus";110;10;220;-6;2.0;2.0
"Lahti";"2015";"Maksullinen majoitus";100;-8;160;-27;1.6;1.5
"Lahti";"2016";"Maksullinen majoitus";.;.;.;.;.;.
"Lahti";"2017";"Maksullinen majoitus";120;..;210;..;1.8;2.0
"Lahti";"2018";"Maksullinen majoitus";.;.;.;.;.;.
"Lahti";"2019";"Maksullinen majoitus";.;.;.;.;.;.
"Lahti";"2020";"Maksullinen majoitus";.;.;.;.;.;.
"Lahti";"2021";"Maksullinen majoitus";.;.;.;.;.;.
"Lahti";"2022";"Maksullinen majoitus";.;.;.;.;.;.
"Lahti";"2023";"Maksullinen majoitus";.;.;.;.;.;.
"Lappeenranta";"2012";"Maksullinen majoitus";.;.;.;.;.;.
"Lappeenranta";"2013";"Maksullinen majoitus";.;.;.;.;.;.
"Lappeenranta";"2014";"Maksullinen majoitus";.;.;.;.;.;.
"Lappeenranta";"2015";"Maksullinen majoitus";110;..;200;..;1.8;2.0
"Lappeenranta";"2016";"Maksullinen majoitus";110;8;210;9;1.9;2.0
"Lappeenranta";"2017";"Maksullinen majoitus";.;.;.;.;.;.
"Lappeenranta";"2018";"Maksullinen majoitus";120;..;250;..;2.1;2.0
"Lappeenranta";"2019";"Maksullinen majoitus";.;.;.;.;.;.
"Lappeenranta";"2020";"Maksullinen majoitus";100;..;370;..;3.7;3.0
"Lappeenranta";"2021";"Maksullinen majoitus";130;29;340;-8;2.6;2.0
"Lappeenranta";"2022";"Maksullinen majoitus";.;.;.;.;.;.
"Lappeenranta";"2023";"Maksullinen majoitus";.;.;.;.;.;.
"Laukaa";"2012";"Maksullinen majoitus";.;.;.;.;.;.
"Laukaa";"2013";"Maksullinen majoitus";.;.;.;.;.;.
"Laukaa";"2014";"Maksullinen majoitus";.;.;.;.;.;.
"Laukaa";"2015";"Maksullinen majoitus";.;.;.;.;.;.
"Laukaa";"2016";"Maksullinen majoitus";.;.;.;.;.;.
"Laukaa";"2017";"Maksullinen majoitus";.;.;.;.;.;.
"Laukaa";"2018";"Maksullinen majoitus";.;.;.;.;.;.
"Laukaa";"2019";"Maksullinen majoitus";.;.;.;.;.;.
"Laukaa";"2020";"Maksullinen majoitus";.;.;.;.;.;.
"Laukaa";"2021";"Maksullinen majoitus";.;.;.;.;.;.
"Laukaa";"2022";"Maksullinen majoitus";.;.;.;.;.;.
"Laukaa";"2023";"Maksullinen majoitus";.;.;.;.;.;.
"Leppävirta";"2012";"Maksullinen majoitus";.;.;.;.;.;.
"Leppävirta";"2013";"Maksullinen majoitus";.;.;.;.;.;.
"Leppävirta";"2014";"Maksullinen majoitus";.;.;.;.;.;.
"Leppävirta";"2015";"Maksullinen majoitus";.;.;.;.;.;.
"Leppävirta";"2016";"Maksullinen majoitus";.;.;.;.;.;.
"Leppävirta";"2017";"Maksullinen majoitus";.;.;.;.;.;.
"Leppävirta";"2018";"Maksullinen majoitus";.;.;.;.;.;.
"Leppävirta";"2019";"Maksullinen majoitus";.;.;.;.;.;.
"Leppävirta";"2020";"Maksullinen majoitus";.;.;.;.;.;.
"Leppävirta";"2021";"Maksullinen majoitus";.;.;.;.;.;.
"Leppävirta";"2022";"Maksullinen majoitus";.;.;.;.;.;.
"Leppävirta";"2023";"Maksullinen majoitus";.;.;.;.;.;.
"Lieksa";"2012";"Maksullinen majoitus";.;.;.;.;.;.
"Lieksa";"2013";"Maksullinen majoitus";.;.;.;.;.;.
"Lieksa";"2014";"Maksullinen majoitus";.;.;.;.;.;.
"Lieksa";"2015";"Maksullinen majoitus";.;.;.;.;.;.
"Lieksa";"2016";"Maksullinen majoitus";.;.;.;.;.;.
"Lieksa";"2017";"Maksullinen majoitus";.;.;.;.;.;.
"Lieksa";"2018";"Maksullinen majoitus";.;.;.;.;.;.
"Lieksa";"2019";"Maksullinen majoitus";.;.;.;.;.;.
"Lieksa";"2020";"Maksullinen majoitus";110;..;470;..;4.3;4.0
"Lieksa";"2021";"Maksullinen majoitus";110;-3;360;-22;3.3;3.0
"Lieksa";"2022";"Maksullinen majoitus";.;.;.;.;.;.
"Lieksa";"2023";"Maksullinen majoitus";.;.;.;.;.;.
"Lohja";"2012";"Maksullinen majoitus";.;.;.;.;.;.
"Lohja";"2013";"Maksullinen majoitus";.;.;.;.;.;.
"Lohja";"2014";"Maksullinen majoitus";.;.;.;.;.;.
"Lohja";"2015";"Maksullinen majoitus";.;.;.;.;.;.
"Lohja";"2016";"Maksullinen majoitus";.;.;.;.;.;.
"Lohja";"2017";"Maksullinen majoitus";.;.;.;.;.;.
"Lohja";"2018";"Maksullinen majoitus";.;.;.;.;.;.
"Lohja";"2019";"Maksullinen majoitus";.;.;.;.;.;.
"Lohja";"2020";"Maksullinen majoitus";.;.;.;.;.;.
"Lohja";"2021";"Maksullinen majoitus";.;.;.;.;.;.
"Lohja";"2022";"Maksullinen majoitus";.;.;.;.;.;.
"Lohja";"2023";"Maksullinen majoitus";.;.;.;.;.;.
"Loppi";"2012";"Maksullinen majoitus";.;.;.;.;.;.
"Loppi";"2013";"Maksullinen majoitus";.;.;.;.;.;.
"Loppi";"2014";"Maksullinen majoitus";.;.;.;.;.;.
"Loppi";"2015";"Maksullinen majoitus";.;.;.;.;.;.
"Loppi";"2016";"Maksullinen majoitus";.;.;.;.;.;.
"Loppi";"2017";"Maksullinen majoitus";.;.;.;.;.;.
"Loppi";"2018";"Maksullinen majoitus";.;.;.;.;.;.
"Loppi";"2019";"Maksullinen majoitus";.;.;.;.;.;.
"Loppi";"2020";"Maksullinen majoitus";.;.;.;.;.;.
"Loppi";"2021";"Maksullinen majoitus";.;.;.;.;.;.
"Loppi";"2022";"Maksullinen majoitus";.;.;.;.;.;.
"Loppi";"2023";"Maksullinen majoitus";.;.;.;.;.;.
"Loviisa";"2012";"Maksullinen majoitus";.;.;.;.;.;.
"Loviisa";"2013";"Maksullinen majoitus";.;.;.;.;.;.
"Loviisa";"2014";"Maksullinen majoitus";.;.;.;.;.;.
"Loviisa";"2015";"Maksullinen majoitus";.;.;.;.;.;.
"Loviisa";"2016";"Maksullinen majoitus";.;.;.;.;.;.
"Loviisa";"2017";"Maksullinen majoitus";.;.;.;.;.;.
"Loviisa";"2018";"Maksullinen majoitus";.;.;.;.;.;.
"Loviisa";"2019";"Maksullinen majoitus";.;.;.;.;.;.
"Loviisa";"2020";"Maksullinen majoitus";.;.;.;.;.;.
"Loviisa";"2021";"Maksullinen majoitus";.;.;.;.;.;.
"Loviisa";"2022";"Maksullinen majoitus";.;.;.;.;.;.
"Loviisa";"2023";"Maksullinen majoitus";.;.;.;.;.;.
"Maarianhamina - Mariehamn";"2012";"Maksullinen majoitus";.;.;.;.;.;.
"Maarianhamina - Mariehamn";"2013";"Maksullinen majoitus";.;.;.;.;.;.
"Maarianhamina - Mariehamn";"2014";"Maksullinen majoitus";.;.;.;.;.;.
"Maarianhamina - Mariehamn";"2015";"Maksullinen majoitus";.;.;.;.;.;.
"Maarianhamina - Mariehamn";"2016";"Maksullinen majoitus";.;.;.;.;.;.
"Maarianhamina - Mariehamn";"2017";"Maksullinen majoitus";.;.;.;.;.;.
"Maarianhamina - Mariehamn";"2018";"Maksullinen majoitus";.;.;.;.;.;.
"Maarianhamina - Mariehamn";"2019";"Maksullinen majoitus";.;.;.;.;.;.
"Maarianhamina - Mariehamn";"2020";"Maksullinen majoitus";.;.;.;.;.;.
"Maarianhamina - Mariehamn";"2021";"Maksullinen majoitus";110;..;430;..;3.9;4.0
"Maarianhamina - Mariehamn";"2022";"Maksullinen majoitus";.;.;.;.;.;.
"Maarianhamina - Mariehamn";"2023";"Maksullinen majoitus";.;.;.;.;.;.
"Mikkeli";"2012";"Maksullinen majoitus";.;.;.;.;.;.
"Mikkeli";"2013";"Maksullinen majoitus";100;..;260;..;2.6;2.0
"Mikkeli";"2014";"Maksullinen majoitus";.;.;.;.;.;.
"Mikkeli";"2015";"Maksullinen majoitus";.;.;.;.;.;.
"Mikkeli";"2016";"Maksullinen majoitus";.;.;.;.;.;.
"Mikkeli";"2017";"Maksullinen majoitus";100;..;240;..;2.4;2.0
"Mikkeli";"2018";"Maksullinen majoitus";.;.;.;.;.;.
"Mikkeli";"2019";"Maksullinen majoitus";130;..;220;..;1.7;1.0
"Mikkeli";"2020";"Maksullinen majoitus";.;.;.;.;.;.
"Mikkeli";"2021";"Maksullinen majoitus";.;.;.;.;.;.
"Mikkeli";"2022";"Maksullinen majoitus";.;.;.;.;.;.
"Mikkeli";"2023";"Maksullinen majoitus";.;.;.;.;.;.
"Mäntsälä";"2012";"Maksullinen majoitus";.;.;.;.;.;.
"Mäntsälä";"2013";"Maksullinen majoitus";.;.;.;.;.;.
"Mäntsälä";"2014";"Maksullinen majoitus";.;.;.;.;.;.
"Mäntsälä";"2015";"Maksullinen majoitus";.;.;.;.;.;.
"Mäntsälä";"2016";"Maksullinen majoitus";.;.;.;.;.;.
"Mäntsälä";"2017";"Maksullinen majoitus";.;.;.;.;.;.
"Mäntsälä";"2018";"Maksullinen majoitus";.;.;.;.;.;.
"Mäntsälä";"2019";"Maksullinen majoitus";.;.;.;.;.;.
"Mäntsälä";"2020";"Maksullinen majoitus";.;.;.;.;.;.
"Mäntsälä";"2021";"Maksullinen majoitus";.;.;.;.;.;.
"Mäntsälä";"2022";"Maksullinen majoitus";.;.;.;.;.;.
"Mäntsälä";"2023";"Maksullinen majoitus";.;.;.;.;.;.
"Mänttä-Vilppula";"2012";"Maksullinen majoitus";.;.;.;.;.;.
"Mänttä-Vilppula";"2013";"Maksullinen majoitus";.;.;.;.;.;.
"Mänttä-Vilppula";"2014";"Maksullinen majoitus";.;.;.;.;.;.
"Mänttä-Vilppula";"2015";"Maksullinen majoitus";.;.;.;.;.;.
"Mänttä-Vilppula";"2016";"Maksullinen majoitus";.;.;.;.;.;.
"Mänttä-Vilppula";"2017";"Maksullinen majoitus";.;.;.;.;.;.
"Mänttä-Vilppula";"2018";"Maksullinen majoitus";.;.;.;.;.;.
"Mänttä-Vilppula";"2019";"Maksullinen majoitus";.;.;.;.;.;.
"Mänttä-Vilppula";"2020";"Maksullinen majoitus";.;.;.;.;.;.
"Mänttä-Vilppula";"2021";"Maksullinen majoitus";.;.;.;.;.;.
"Mänttä-Vilppula";"2022";"Maksullinen majoitus";.;.;.;.;.;.
"Mänttä-Vilppula";"2023";"Maksullinen majoitus";.;.;.;.;.;.
"Mäntyharju";"2012";"Maksullinen majoitus";.;.;.;.;.;.
"Mäntyharju";"2013";"Maksullinen majoitus";.;.;.;.;.;.
"Mäntyharju";"2014";"Maksullinen majoitus";.;.;.;.;.;.
"Mäntyharju";"2015";"Maksullinen majoitus";.;.;.;.;.;.
"Mäntyharju";"2016";"Maksullinen majoitus";.;.;.;.;.;.
"Mäntyharju";"2017";"Maksullinen majoitus";.;.;.;.;.;.
"Mäntyharju";"2018";"Maksullinen majoitus";.;.;.;.;.;.
"Mäntyharju";"2019";"Maksullinen majoitus";.;.;.;.;.;.
"Mäntyharju";"2020";"Maksullinen majoitus";.;.;.;.;.;.
"Mäntyharju";"2021";"Maksullinen majoitus";.;.;.;.;.;.
"Mäntyharju";"2022";"Maksullinen majoitus";.;.;.;.;.;.
"Mäntyharju";"2023";"Maksullinen majoitus";.;.;.;.;.;.
"Naantali";"2012";"Maksullinen majoitus";110;..;270;..;2.5;2.0
"Naantali";"2013";"Maksullinen majoitus";.;.;.;.;.;.
"Naantali";"2014";"Maksullinen majoitus";.;.;.;.;.;.
"Naantali";"2015";"Maksullinen majoitus";.;.;.;.;.;.
"Naantali";"2016";"Maksullinen majoitus";.;.;.;.;.;.
"Naantali";"2017";"Maksullinen majoitus";.;.;.;.;.;.
"Naantali";"2018";"Maksullinen majoitus";.;.;.;.;.;.
"Naantali";"2019";"Maksullinen majoitus";110;..;230;..;2.1;2.0
"Naantali";"2020";"Maksullinen majoitus";.;.;.;.;.;.
"Naantali";"2021";"Maksullinen majoitus";.;.;.;.;.;.
"Naantali";"2022";"Maksullinen majoitus";.;.;.;.;.;.
"Naantali";"2023";"Maksullinen majoitus";.;.;.;.;.;.
"Nokia";"2012";"Maksullinen majoitus";.;.;.;.;.;.
"Nokia";"2013";"Maksullinen majoitus";.;.;.;.;.;.
"Nokia";"2014";"Maksullinen majoitus";.;.;.;.;.;.
"Nokia";"2015";"Maksullinen majoitus";.;.;.;.;.;.
"Nokia";"2016";"Maksullinen majoitus";.;.;.;.;.;.
"Nokia";"2017";"Maksullinen majoitus";.;.;.;.;.;.
"Nokia";"2018";"Maksullinen majoitus";.;.;.;.;.;.
"Nokia";"2019";"Maksullinen majoitus";.;.;.;.;.;.
"Nokia";"2020";"Maksullinen majoitus";.;.;.;.;.;.
"Nokia";"2021";"Maksullinen majoitus";.;.;.;.;.;.
"Nokia";"2022";"Maksullinen majoitus";.;.;.;.;.;.
"Nokia";"2023";"Maksullinen majoitus";.;.;.;.;.;.
"Nurmes";"2012";"Maksullinen majoitus";.;.;.;.;.;.
"Nurmes";"2013";"Maksullinen majoitus";.;.;.;.;.;.
"Nurmes";"2014";"Maksullinen majoitus";.;.;.;.;.;.
"Nurmes";"2015";"Maksullinen majoitus";.;.;.;.;.;.
"Nurmes";"2016";"Maksullinen majoitus";.;.;.;.;.;.
"Nurmes";"2017";"Maksullinen majoitus";.;.;.;.;.;.
"Nurmes";"2018";"Maksullinen majoitus";.;.;.;.;.;.
"Nurmes";"2019";"Maksullinen majoitus";.;.;.;.;.;.
"Nurmes";"2020";"Maksullinen majoitus";.;.;.;.;.;.
"Nurmes";"2021";"Maksullinen majoitus";.;.;.;.;.;.
"Nurmes";"2022";"Maksullinen majoitus";.;.;.;.;.;.
"Nurmes";"2023";"Maksullinen majoitus";.;.;.;.;.;.
"Nurmijärvi";"2012";"Maksullinen majoitus";.;.;.;.;.;.
"Nurmijärvi";"2013";"Maksullinen majoitus";.;.;.;.;.;.
"Nurmijärvi";"2014";"Maksullinen majoitus";.;.;.;.;.;.
"Nurmijärvi";"2015";"Maksullinen majoitus";.;.;.;.;.;.
"Nurmijärvi";"2016";"Maksullinen majoitus";.;.;.;.;.;.
"Nurmijärvi";"2017";"Maksullinen majoitus";.;.;.;.;.;.
"Nurmijärvi";"2018";"Maksullinen majoitus";.;.;.;.;.;.
"Nurmijärvi";"2019";"Maksullinen majoitus";.;.;.;.;.;.
"Nurmijärvi";"2020";"Maksullinen majoitus";.;.;.;.;.;.
"Nurmijärvi";"2021";"Maksullinen majoitus";.;.;.;.;.;.
"Nurmijärvi";"2022";"Maksullinen majoitus";.;.;.;.;.;.
"Nurmijärvi";"2023";"Maksullinen majoitus";.;.;.;.;.;.
"Orivesi";"2012";"Maksullinen majoitus";.;.;.;.;.;.
"Orivesi";"2013";"Maksullinen majoitus";.;.;.;.;.;.
"Orivesi";"2014";"Maksullinen majoitus";.;.;.;.;.;.
"Orivesi";"2015";"Maksullinen majoitus";.;.;.;.;.;.
"Orivesi";"2016";"Maksullinen majoitus";.;.;.;.;.;.
"Orivesi";"2017";"Maksullinen majoitus";.;.;.;.;.;.
"Orivesi";"2018";"Maksullinen majoitus";.;.;.;.;.;.
"Orivesi";"2019";"Maksullinen majoitus";.;.;.;.;.;.
"Orivesi";"2020";"Maksullinen majoitus";.;.;.;.;.;.
"Orivesi";"2021";"Maksullinen majoitus";.;.;.;.;.;.
"Orivesi";"2022";"Maksullinen majoitus";.;.;.;.;.;.
"Orivesi";"2023";"Maksullinen majoitus";.;.;.;.;.;.
"Oulu";"2012";"Maksullinen majoitus";190;..;390;..;2.1;2.0
"Oulu";"2013";"Maksullinen majoitus";200;2;430;8;2.2;2.0
"Oulu";"2014";"Maksullinen majoitus";180;-9;430;0;2.4;2.0
"Oulu";"2015";"Maksullinen majoitus";220;22;430;1;2.0;2.0
"Oulu";"2016";"Maksullinen majoitus";250;14;470;8;1.9;2.0
"Oulu";"2017";"Maksullinen majoitus";200;-18;410;-11;2.1;2.0
"Oulu";"2018";"Maksullinen majoitus";230;12;580;39;2.5;2.0
"Oulu";"2019";"Maksullinen majoitus";230;3;480;-17;2.1;2.0
"Oulu";"2020";"Maksullinen majoitus";140;-39;280;-41;2.0;2.0
"Oulu";"2021";"Maksullinen majoitus";170;23;560;101;3.3;2.5
"Oulu";"2022";"Maksullinen majoitus";180;2;380;-33;2.1;2.0
"Oulu";"2023";"Maksullinen majoitus";150;-17;310;-16;2.1;2.0
"Padasjoki";"2012";"Maksullinen majoitus";.;.;.;.;.;.
"Padasjoki";"2013";"Maksullinen majoitus";.;.;.;.;.;.
"Padasjoki";"2014";"Maksullinen majoitus";.;.;.;.;.;.
"Padasjoki";"2015";"Maksullinen majoitus";.;.;.;.;.;.
"Padasjoki";"2016";"Maksullinen majoitus";.;.;.;.;.;.
"Padasjoki";"2017";"Maksullinen majoitus";.;.;.;.;.;.
"Padasjoki";"2018";"Maksullinen majoitus";.;.;.;.;.;.
"Padasjoki";"2019";"Maksullinen majoitus";.;.;.;.;.;.
"Padasjoki";"2020";"Maksullinen majoitus";.;.;.;.;.;.
"Padasjoki";"2021";"Maksullinen majoitus";.;.;.;.;.;.
"Padasjoki";"2022";"Maksullinen majoitus";.;.;.;.;.;.
"Padasjoki";"2023";"Maksullinen majoitus";.;.;.;.;.;.
"Parainen";"2012";"Maksullinen majoitus";.;.;.;.;.;.
"Parainen";"2013";"Maksullinen majoitus";.;.;.;.;.;.
"Parainen";"2014";"Maksullinen majoitus";.;.;.;.;.;.
"Parainen";"2015";"Maksullinen majoitus";.;.;.;.;.;.
"Parainen";"2016";"Maksullinen majoitus";.;.;.;.;.;.
"Parainen";"2017";"Maksullinen majoitus";.;.;.;.;.;.
"Parainen";"2018";"Maksullinen majoitus";.;.;.;.;.;.
"Parainen";"2019";"Maksullinen majoitus";.;.;.;.;.;.
"Parainen";"2020";"Maksullinen majoitus";.;.;.;.;.;.
"Parainen";"2021";"Maksullinen majoitus";.;.;.;.;.;.
"Parainen";"2022";"Maksullinen majoitus";.;.;.;.;.;.
"Parainen";"2023";"Maksullinen majoitus";.;.;.;.;.;.
"Pieksämäki";"2012";"Maksullinen majoitus";.;.;.;.;.;.
"Pieksämäki";"2013";"Maksullinen majoitus";.;.;.;.;.;.
"Pieksämäki";"2014";"Maksullinen majoitus";.;.;.;.;.;.
"Pieksämäki";"2015";"Maksullinen majoitus";.;.;.;.;.;.
"Pieksämäki";"2016";"Maksullinen majoitus";.;.;.;.;.;.
"Pieksämäki";"2017";"Maksullinen majoitus";.;.;.;.;.;.
"Pieksämäki";"2018";"Maksullinen majoitus";.;.;.;.;.;.
"Pieksämäki";"2019";"Maksullinen majoitus";.;.;.;.;.;.
"Pieksämäki";"2020";"Maksullinen majoitus";.;.;.;.;.;.
"Pieksämäki";"2021";"Maksullinen majoitus";.;.;.;.;.;.
"Pieksämäki";"2022";"Maksullinen majoitus";.;.;.;.;.;.
"Pieksämäki";"2023";"Maksullinen majoitus";.;.;.;.;.;.
"Pori";"2012";"Maksullinen majoitus";.;.;.;.;.;.
"Pori";"2013";"Maksullinen majoitus";.;.;.;.;.;.
"Pori";"2014";"Maksullinen majoitus";100;..;180;..;1.8;2.0
"Pori";"2015";"Maksullinen majoitus";.;.;.;.;.;.
"Pori";"2016";"Maksullinen majoitus";.;.;.;.;.;.
"Pori";"2017";"Maksullinen majoitus";110;..;280;..;2.5;2.0
"Pori";"2018";"Maksullinen majoitus";120;12;260;-7;2.2;2.0
"Pori";"2019";"Maksullinen majoitus";110;-8;190;-27;1.7;1.5
"Pori";"2020";"Maksullinen majoitus";.;.;.;.;.;.
"Pori";"2021";"Maksullinen majoitus";100;..;250;..;2.5;2.0
"Pori";"2022";"Maksullinen majoitus";.;.;.;.;.;.
"Pori";"2023";"Maksullinen majoitus";.;.;.;.;.;.
"Porvoo";"2012";"Maksullinen majoitus";.;.;.;.;.;.
"Porvoo";"2013";"Maksullinen majoitus";.;.;.;.;.;.
"Porvoo";"2014";"Maksullinen majoitus";.;.;.;.;.;.
"Porvoo";"2015";"Maksullinen majoitus";.;.;.;.;.;.
"Porvoo";"2016";"Maksullinen majoitus";.;.;.;.;.;.
"Porvoo";"2017";"Maksullinen majoitus";.;.;.;.;.;.
"Porvoo";"2018";"Maksullinen majoitus";.;.;.;.;.;.
"Porvoo";"2019";"Maksullinen majoitus";.;.;.;.;.;.
"Porvoo";"2020";"Maksullinen majoitus";.;.;.;.;.;.
"Porvoo";"2021";"Maksullinen majoitus";.;.;.;.;.;.
"Porvoo";"2022";"Maksullinen majoitus";100;..;170;..;1.7;1.0
"Porvoo";"2023";"Maksullinen majoitus";.;.;.;.;.;.
"Pudasjärvi";"2012";"Maksullinen majoitus";.;.;.;.;.;.
"Pudasjärvi";"2013";"Maksullinen majoitus";.;.;.;.;.;.
"Pudasjärvi";"2014";"Maksullinen majoitus";.;.;.;.;.;.
"Pudasjärvi";"2015";"Maksullinen majoitus";.;.;.;.;.;.
"Pudasjärvi";"2016";"Maksullinen majoitus";.;.;.;.;.;.
"Pudasjärvi";"2017";"Maksullinen majoitus";.;.;.;.;.;.
"Pudasjärvi";"2018";"Maksullinen majoitus";.;.;.;.;.;.
"Pudasjärvi";"2019";"Maksullinen majoitus";.;.;.;.;.;.
"Pudasjärvi";"2020";"Maksullinen majoitus";.;.;.;.;.;.
"Pudasjärvi";"2021";"Maksullinen majoitus";.;.;.;.;.;.
"Pudasjärvi";"2022";"Maksullinen majoitus";.;.;.;.;.;.
"Pudasjärvi";"2023";"Maksullinen majoitus";.;.;.;.;.;.
"Puumala";"2012";"Maksullinen majoitus";.;.;.;.;.;.
"Puumala";"2013";"Maksullinen majoitus";.;.;.;.;.;.
"Puumala";"2014";"Maksullinen majoitus";.;.;.;.;.;.
"Puumala";"2015";"Maksullinen majoitus";.;.;.;.;.;.
"Puumala";"2016";"Maksullinen majoitus";.;.;.;.;.;.
"Puumala";"2017";"Maksullinen majoitus";.;.;.;.;.;.
"Puumala";"2018";"Maksullinen majoitus";.;.;.;.;.;.
"Puumala";"2019";"Maksullinen majoitus";.;.;.;.;.;.
"Puumala";"2020";"Maksullinen majoitus";.;.;.;.;.;.
"Puumala";"2021";"Maksullinen majoitus";.;.;.;.;.;.
"Puumala";"2022";"Maksullinen majoitus";.;.;.;.;.;.
"Puumala";"2023";"Maksullinen majoitus";.;.;.;.;.;.
"Pälkäne";"2012";"Maksullinen majoitus";.;.;.;.;.;.
"Pälkäne";"2013";"Maksullinen majoitus";.;.;.;.;.;.
"Pälkäne";"2014";"Maksullinen majoitus";.;.;.;.;.;.
"Pälkäne";"2015";"Maksullinen majoitus";.;.;.;.;.;.
"Pälkäne";"2016";"Maksullinen majoitus";.;.;.;.;.;.
"Pälkäne";"2017";"Maksullinen majoitus";.;.;.;.;.;.
"Pälkäne";"2018";"Maksullinen majoitus";.;.;.;.;.;.
"Pälkäne";"2019";"Maksullinen majoitus";.;.;.;.;.;.
"Pälkäne";"2020";"Maksullinen majoitus";.;.;.;.;.;.
"Pälkäne";"2021";"Maksullinen majoitus";.;.;.;.;.;.
"Pälkäne";"2022";"Maksullinen majoitus";.;.;.;.;.;.
"Pälkäne";"2023";"Maksullinen majoitus";.;.;.;.;.;.
"Raahe";"2012";"Maksullinen majoitus";.;.;.;.;.;.
"Raahe";"2013";"Maksullinen majoitus";.;.;.;.;.;.
"Raahe";"2014";"Maksullinen majoitus";.;.;.;.;.;.
"Raahe";"2015";"Maksullinen majoitus";.;.;.;.;.;.
"Raahe";"2016";"Maksullinen majoitus";.;.;.;.;.;.
"Raahe";"2017";"Maksullinen majoitus";.;.;.;.;.;.
"Raahe";"2018";"Maksullinen majoitus";.;.;.;.;.;.
"Raahe";"2019";"Maksullinen majoitus";.;.;.;.;.;.
"Raahe";"2020";"Maksullinen majoitus";.;.;.;.;.;.
"Raahe";"2021";"Maksullinen majoitus";.;.;.;.;.;.
"Raahe";"2022";"Maksullinen majoitus";.;.;.;.;.;.
"Raahe";"2023";"Maksullinen majoitus";.;.;.;.;.;.
"Raasepori";"2012";"Maksullinen majoitus";.;.;.;.;.;.
"Raasepori";"2013";"Maksullinen majoitus";.;.;.;.;.;.
"Raasepori";"2014";"Maksullinen majoitus";.;.;.;.;.;.
"Raasepori";"2015";"Maksullinen majoitus";.;.;.;.;.;.
"Raasepori";"2016";"Maksullinen majoitus";.;.;.;.;.;.
"Raasepori";"2017";"Maksullinen majoitus";.;.;.;.;.;.
"Raasepori";"2018";"Maksullinen majoitus";.;.;.;.;.;.
"Raasepori";"2019";"Maksullinen majoitus";.;.;.;.;.;.
"Raasepori";"2020";"Maksullinen majoitus";.;.;.;.;.;.
"Raasepori";"2021";"Maksullinen majoitus";.;.;.;.;.;.
"Raasepori";"2022";"Maksullinen majoitus";.;.;.;.;.;.
"Raasepori";"2023";"Maksullinen majoitus";.;.;.;.;.;.
"Rantasalmi";"2012";"Maksullinen majoitus";.;.;.;.;.;.
"Rantasalmi";"2013";"Maksullinen majoitus";.;.;.;.;.;.
"Rantasalmi";"2014";"Maksullinen majoitus";.;.;.;.;.;.
"Rantasalmi";"2015";"Maksullinen majoitus";.;.;.;.;.;.
"Rantasalmi";"2016";"Maksullinen majoitus";.;.;.;.;.;.
"Rantasalmi";"2017";"Maksullinen majoitus";.;.;.;.;.;.
"Rantasalmi";"2018";"Maksullinen majoitus";.;.;.;.;.;.
"Rantasalmi";"2019";"Maksullinen majoitus";.;.;.;.;.;.
"Rantasalmi";"2020";"Maksullinen majoitus";.;.;.;.;.;.
"Rantasalmi";"2021";"Maksullinen majoitus";.;.;.;.;.;.
"Rantasalmi";"2022";"Maksullinen majoitus";.;.;.;.;.;.
"Rantasalmi";"2023";"Maksullinen majoitus";.;.;.;.;.;.
"Rauma";"2012";"Maksullinen majoitus";.;.;.;.;.;.
"Rauma";"2013";"Maksullinen majoitus";.;.;.;.;.;.
"Rauma";"2014";"Maksullinen majoitus";.;.;.;.;.;.
"Rauma";"2015";"Maksullinen majoitus";.;.;.;.;.;.
"Rauma";"2016";"Maksullinen majoitus";.;.;.;.;.;.
"Rauma";"2017";"Maksullinen majoitus";.;.;.;.;.;.
"Rauma";"2018";"Maksullinen majoitus";.;.;.;.;.;.
"Rauma";"2019";"Maksullinen majoitus";.;.;.;.;.;.
"Rauma";"2020";"Maksullinen majoitus";.;.;.;.;.;.
"Rauma";"2021";"Maksullinen majoitus";.;.;.;.;.;.
"Rauma";"2022";"Maksullinen majoitus";.;.;.;.;.;.
"Rauma";"2023";"Maksullinen majoitus";.;.;.;.;.;.
"Riihimäki";"2012";"Maksullinen majoitus";.;.;.;.;.;.
"Riihimäki";"2013";"Maksullinen majoitus";.;.;.;.;.;.
"Riihimäki";"2014";"Maksullinen majoitus";.;.;.;.;.;.
"Riihimäki";"2015";"Maksullinen majoitus";.;.;.;.;.;.
"Riihimäki";"2016";"Maksullinen majoitus";.;.;.;.;.;.
"Riihimäki";"2017";"Maksullinen majoitus";.;.;.;.;.;.
"Riihimäki";"2018";"Maksullinen majoitus";.;.;.;.;.;.
"Riihimäki";"2019";"Maksullinen majoitus";.;.;.;.;.;.
"Riihimäki";"2020";"Maksullinen majoitus";.;.;.;.;.;.
"Riihimäki";"2021";"Maksullinen majoitus";.;.;.;.;.;.
"Riihimäki";"2022";"Maksullinen majoitus";.;.;.;.;.;.
"Riihimäki";"2023";"Maksullinen majoitus";.;.;.;.;.;.
"Rovaniemi";"2012";"Maksullinen majoitus";.;.;.;.;.;.
"Rovaniemi";"2013";"Maksullinen majoitus";.;.;.;.;.;.
"Rovaniemi";"2014";"Maksullinen majoitus";110;..;340;..;3.1;2.0
"Rovaniemi";"2015";"Maksullinen majoitus";.;.;.;.;.;.
"Rovaniemi";"2016";"Maksullinen majoitus";.;.;.;.;.;.
"Rovaniemi";"2017";"Maksullinen majoitus";.;.;.;.;.;.
"Rovaniemi";"2018";"Maksullinen majoitus";110;..;260;..;2.4;2.0
"Rovaniemi";"2019";"Maksullinen majoitus";110;8;290;12;2.6;2.0
"Rovaniemi";"2020";"Maksullinen majoitus";.;.;.;.;.;.
"Rovaniemi";"2021";"Maksullinen majoitus";.;.;.;.;.;.
"Rovaniemi";"2022";"Maksullinen majoitus";.;.;.;.;.;.
"Rovaniemi";"2023";"Maksullinen majoitus";.;.;.;.;.;.
"Ruokolahti";"2012";"Maksullinen majoitus";.;.;.;.;.;.
"Ruokolahti";"2013";"Maksullinen majoitus";.;.;.;.;.;.
"Ruokolahti";"2014";"Maksullinen majoitus";.;.;.;.;.;.
"Ruokolahti";"2015";"Maksullinen majoitus";.;.;.;.;.;.
"Ruokolahti";"2016";"Maksullinen majoitus";.;.;.;.;.;.
"Ruokolahti";"2017";"Maksullinen majoitus";.;.;.;.;.;.
"Ruokolahti";"2018";"Maksullinen majoitus";.;.;.;.;.;.
"Ruokolahti";"2019";"Maksullinen majoitus";.;.;.;.;.;.
"Ruokolahti";"2020";"Maksullinen majoitus";.;.;.;.;.;.
"Ruokolahti";"2021";"Maksullinen majoitus";.;.;.;.;.;.
"Ruokolahti";"2022";"Maksullinen majoitus";.;.;.;.;.;.
"Ruokolahti";"2023";"Maksullinen majoitus";.;.;.;.;.;.
"Ruovesi";"2012";"Maksullinen majoitus";.;.;.;.;.;.
"Ruovesi";"2013";"Maksullinen majoitus";.;.;.;.;.;.
"Ruovesi";"2014";"Maksullinen majoitus";.;.;.;.;.;.
"Ruovesi";"2015";"Maksullinen majoitus";.;.;.;.;.;.
"Ruovesi";"2016";"Maksullinen majoitus";.;.;.;.;.;.
"Ruovesi";"2017";"Maksullinen majoitus";.;.;.;.;.;.
"Ruovesi";"2018";"Maksullinen majoitus";.;.;.;.;.;.
"Ruovesi";"2019";"Maksullinen majoitus";.;.;.;.;.;.
"Ruovesi";"2020";"Maksullinen majoitus";.;.;.;.;.;.
"Ruovesi";"2021";"Maksullinen majoitus";.;.;.;.;.;.
"Ruovesi";"2022";"Maksullinen majoitus";.;.;.;.;.;.
"Ruovesi";"2023";"Maksullinen majoitus";.;.;.;.;.;.
"Saarijärvi";"2012";"Maksullinen majoitus";.;.;.;.;.;.
"Saarijärvi";"2013";"Maksullinen majoitus";.;.;.;.;.;.
"Saarijärvi";"2014";"Maksullinen majoitus";.;.;.;.;.;.
"Saarijärvi";"2015";"Maksullinen majoitus";.;.;.;.;.;.
"Saarijärvi";"2016";"Maksullinen majoitus";.;.;.;.;.;.
"Saarijärvi";"2017";"Maksullinen majoitus";.;.;.;.;.;.
"Saarijärvi";"2018";"Maksullinen majoitus";.;.;.;.;.;.
"Saarijärvi";"2019";"Maksullinen majoitus";.;.;.;.;.;.
"Saarijärvi";"2020";"Maksullinen majoitus";.;.;.;.;.;.
"Saarijärvi";"2021";"Maksullinen majoitus";.;.;.;.;.;.
"Saarijärvi";"2022";"Maksullinen majoitus";.;.;.;.;.;.
"Saarijärvi";"2023";"Maksullinen majoitus";.;.;.;.;.;.
"Salo";"2012";"Maksullinen majoitus";.;.;.;.;.;.
"Salo";"2013";"Maksullinen majoitus";.;.;.;.;.;.
"Salo";"2014";"Maksullinen majoitus";.;.;.;.;.;.
"Salo";"2015";"Maksullinen majoitus";.;.;.;.;.;.
"Salo";"2016";"Maksullinen majoitus";.;.;.;.;.;.
"Salo";"2017";"Maksullinen majoitus";.;.;.;.;.;.
"Salo";"2018";"Maksullinen majoitus";.;.;.;.;.;.
"Salo";"2019";"Maksullinen majoitus";.;.;.;.;.;.
"Salo";"2020";"Maksullinen majoitus";.;.;.;.;.;.
"Salo";"2021";"Maksullinen majoitus";.;.;.;.;.;.
"Salo";"2022";"Maksullinen majoitus";.;.;.;.;.;.
"Salo";"2023";"Maksullinen majoitus";.;.;.;.;.;.
"Sastamala";"2012";"Maksullinen majoitus";.;.;.;.;.;.
"Sastamala";"2013";"Maksullinen majoitus";.;.;.;.;.;.
"Sastamala";"2014";"Maksullinen majoitus";.;.;.;.;.;.
"Sastamala";"2015";"Maksullinen majoitus";.;.;.;.;.;.
"Sastamala";"2016";"Maksullinen majoitus";.;.;.;.;.;.
"Sastamala";"2017";"Maksullinen majoitus";.;.;.;.;.;.
"Sastamala";"2018";"Maksullinen majoitus";.;.;.;.;.;.
"Sastamala";"2019";"Maksullinen majoitus";.;.;.;.;.;.
"Sastamala";"2020";"Maksullinen majoitus";.;.;.;.;.;.
"Sastamala";"2021";"Maksullinen majoitus";.;.;.;.;.;.
"Sastamala";"2022";"Maksullinen majoitus";.;.;.;.;.;.
"Sastamala";"2023";"Maksullinen majoitus";.;.;.;.;.;.
"Savitaipale";"2012";"Maksullinen majoitus";.;.;.;.;.;.
"Savitaipale";"2013";"Maksullinen majoitus";.;.;.;.;.;.
"Savitaipale";"2014";"Maksullinen majoitus";.;.;.;.;.;.
"Savitaipale";"2015";"Maksullinen majoitus";.;.;.;.;.;.
"Savitaipale";"2016";"Maksullinen majoitus";.;.;.;.;.;.
"Savitaipale";"2017";"Maksullinen majoitus";.;.;.;.;.;.
"Savitaipale";"2018";"Maksullinen majoitus";.;.;.;.;.;.
"Savitaipale";"2019";"Maksullinen majoitus";.;.;.;.;.;.
"Savitaipale";"2020";"Maksullinen majoitus";.;.;.;.;.;.
"Savitaipale";"2021";"Maksullinen majoitus";.;.;.;.;.;.
"Savitaipale";"2022";"Maksullinen majoitus";.;.;.;.;.;.
"Savitaipale";"2023";"Maksullinen majoitus";.;.;.;.;.;.
"Savonlinna";"2012";"Maksullinen majoitus";110;..;310;..;2.8;2.0
"Savonlinna";"2013";"Maksullinen majoitus";110;5;340;9;3.1;2.0
"Savonlinna";"2014";"Maksullinen majoitus";.;.;.;.;.;.
"Savonlinna";"2015";"Maksullinen majoitus";110;..;260;..;2.4;2.0
"Savonlinna";"2016";"Maksullinen majoitus";100;-10;300;13;3.0;2.0
"Savonlinna";"2017";"Maksullinen majoitus";110;14;290;-4;2.6;2.0
"Savonlinna";"2018";"Maksullinen majoitus";100;-9;210;-26;2.1;2.0
"Savonlinna";"2019";"Maksullinen majoitus";110;5;310;47;2.8;3.0
"Savonlinna";"2020";"Maksullinen majoitus";.;.;.;.;.;.
"Savonlinna";"2021";"Maksullinen majoitus";100;..;260;..;2.6;2.0
"Savonlinna";"2022";"Maksullinen majoitus";.;.;.;.;.;.
"Savonlinna";"2023";"Maksullinen majoitus";.;.;.;.;.;.
"Seinäjoki";"2012";"Maksullinen majoitus";.;.;.;.;.;.
"Seinäjoki";"2013";"Maksullinen majoitus";.;.;.;.;.;.
"Seinäjoki";"2014";"Maksullinen majoitus";.;.;.;.;.;.
"Seinäjoki";"2015";"Maksullinen majoitus";.;.;.;.;.;.
"Seinäjoki";"2016";"Maksullinen majoitus";.;.;.;.;.;.
"Seinäjoki";"2017";"Maksullinen majoitus";.;.;.;.;.;.
"Seinäjoki";"2018";"Maksullinen majoitus";.;.;.;.;.;.
"Seinäjoki";"2019";"Maksullinen majoitus";120;..;180;..;1.5;1.0
"Seinäjoki";"2020";"Maksullinen majoitus";.;.;.;.;.;.
"Seinäjoki";"2021";"Maksullinen majoitus";.;.;.;.;.;.
"Seinäjoki";"2022";"Maksullinen majoitus";.;.;.;.;.;.
"Seinäjoki";"2023";"Maksullinen majoitus";.;.;.;.;.;.
"Sodankylä";"2012";"Maksullinen majoitus";.;.;.;.;.;.
"Sodankylä";"2013";"Maksullinen majoitus";.;.;.;.;.;.
"Sodankylä";"2014";"Maksullinen majoitus";.;.;.;.;.;.
"Sodankylä";"2015";"Maksullinen majoitus";.;.;.;.;.;.
"Sodankylä";"2016";"Maksullinen majoitus";.;.;.;.;.;.
"Sodankylä";"2017";"Maksullinen majoitus";.;.;.;.;.;.
"Sodankylä";"2018";"Maksullinen majoitus";.;.;.;.;.;.
"Sodankylä";"2019";"Maksullinen majoitus";.;.;.;.;.;.
"Sodankylä";"2020";"Maksullinen majoitus";.;.;.;.;.;.
"Sodankylä";"2021";"Maksullinen majoitus";.;.;.;.;.;.
"Sodankylä";"2022";"Maksullinen majoitus";.;.;.;.;.;.
"Sodankylä";"2023";"Maksullinen majoitus";.;.;.;.;.;.
"Somero";"2012";"Maksullinen majoitus";.;.;.;.;.;.
"Somero";"2013";"Maksullinen majoitus";.;.;.;.;.;.
"Somero";"2014";"Maksullinen majoitus";.;.;.;.;.;.
"Somero";"2015";"Maksullinen majoitus";.;.;.;.;.;.
"Somero";"2016";"Maksullinen majoitus";.;.;.;.;.;.
"Somero";"2017";"Maksullinen majoitus";.;.;.;.;.;.
"Somero";"2018";"Maksullinen majoitus";.;.;.;.;.;.
"Somero";"2019";"Maksullinen majoitus";.;.;.;.;.;.
"Somero";"2020";"Maksullinen majoitus";.;.;.;.;.;.
"Somero";"2021";"Maksullinen majoitus";.;.;.;.;.;.
"Somero";"2022";"Maksullinen majoitus";.;.;.;.;.;.
"Somero";"2023";"Maksullinen majoitus";.;.;.;.;.;.
"Sotkamo";"2012";"Maksullinen majoitus";120;..;400;..;3.3;2.5
"Sotkamo";"2013";"Maksullinen majoitus";160;35;590;47;3.7;3.0
"Sotkamo";"2014";"Maksullinen majoitus";120;-24;420;-28;3.5;3.0
"Sotkamo";"2015";"Maksullinen majoitus";160;35;570;35;3.6;3.0
"Sotkamo";"2016";"Maksullinen majoitus";120;-26;540;-5;4.5;3.5
"Sotkamo";"2017";"Maksullinen majoitus";110;-10;360;-33;3.3;3.0
"Sotkamo";"2018";"Maksullinen majoitus";150;38;490;35;3.3;3.0
"Sotkamo";"2019";"Maksullinen majoitus";160;5;490;0;3.1;3.0
"Sotkamo";"2020";"Maksullinen majoitus";140;-8;780;58;5.6;3.0
"Sotkamo";"2021";"Maksullinen majoitus";120;-18;490;-37;4.1;4.5
"Sotkamo";"2022";"Maksullinen majoitus";150;23;660;34;4.4;4.0
"Sotkamo";"2023";"Maksullinen majoitus";.;.;.;.;.;.
"Suomussalmi";"2012";"Maksullinen majoitus";.;.;.;.;.;.
"Suomussalmi";"2013";"Maksullinen majoitus";.;.;.;.;.;.
"Suomussalmi";"2014";"Maksullinen majoitus";.;.;.;.;.;.
"Suomussalmi";"2015";"Maksullinen majoitus";.;.;.;.;.;.
"Suomussalmi";"2016";"Maksullinen majoitus";.;.;.;.;.;.
"Suomussalmi";"2017";"Maksullinen majoitus";.;.;.;.;.;.
"Suomussalmi";"2018";"Maksullinen majoitus";.;.;.;.;.;.
"Suomussalmi";"2019";"Maksullinen majoitus";.;.;.;.;.;.
"Suomussalmi";"2020";"Maksullinen majoitus";.;.;.;.;.;.
"Suomussalmi";"2021";"Maksullinen majoitus";.;.;.;.;.;.
"Suomussalmi";"2022";"Maksullinen majoitus";.;.;.;.;.;.
"Suomussalmi";"2023";"Maksullinen majoitus";.;.;.;.;.;.
"Sysmä";"2012";"Maksullinen majoitus";.;.;.;.;.;.
"Sysmä";"2013";"Maksullinen majoitus";.;.;.;.;.;.
"Sysmä";"2014";"Maksullinen majoitus";.;.;.;.;.;.
"Sysmä";"2015";"Maksullinen majoitus";.;.;.;.;.;.
"Sysmä";"2016";"Maksullinen majoitus";.;.;.;.;.;.
"Sysmä";"2017";"Maksullinen majoitus";.;.;.;.;.;.
"Sysmä";"2018";"Maksullinen majoitus";.;.;.;.;.;.
"Sysmä";"2019";"Maksullinen majoitus";.;.;.;.;.;.
"Sysmä";"2020";"Maksullinen majoitus";.;.;.;.;.;.
"Sysmä";"2021";"Maksullinen majoitus";.;.;.;.;.;.
"Sysmä";"2022";"Maksullinen majoitus";.;.;.;.;.;.
"Sysmä";"2023";"Maksullinen majoitus";.;.;.;.;.;.
"Taipalsaari";"2012";"Maksullinen majoitus";.;.;.;.;.;.
"Taipalsaari";"2013";"Maksullinen majoitus";.;.;.;.;.;.
"Taipalsaari";"2014";"Maksullinen majoitus";.;.;.;.;.;.
"Taipalsaari";"2015";"Maksullinen majoitus";.;.;.;.;.;.
"Taipalsaari";"2016";"Maksullinen majoitus";.;.;.;.;.;.
"Taipalsaari";"2017";"Maksullinen majoitus";.;.;.;.;.;.
"Taipalsaari";"2018";"Maksullinen majoitus";.;.;.;.;.;.
"Taipalsaari";"2019";"Maksullinen majoitus";.;.;.;.;.;.
"Taipalsaari";"2020";"Maksullinen majoitus";.;.;.;.;.;.
"Taipalsaari";"2021";"Maksullinen majoitus";.;.;.;.;.;.
"Taipalsaari";"2022";"Maksullinen majoitus";.;.;.;.;.;.
"Taipalsaari";"2023";"Maksullinen majoitus";.;.;.;.;.;.
"Taivalkoski";"2012";"Maksullinen majoitus";.;.;.;.;.;.
"Taivalkoski";"2013";"Maksullinen majoitus";.;.;.;.;.;.
"Taivalkoski";"2014";"Maksullinen majoitus";.;.;.;.;.;.
"Taivalkoski";"2015";"Maksullinen majoitus";.;.;.;.;.;.
"Taivalkoski";"2016";"Maksullinen majoitus";.;.;.;.;.;.
"Taivalkoski";"2017";"Maksullinen majoitus";.;.;.;.;.;.
"Taivalkoski";"2018";"Maksullinen majoitus";.;.;.;.;.;.
"Taivalkoski";"2019";"Maksullinen majoitus";.;.;.;.;.;.
"Taivalkoski";"2020";"Maksullinen majoitus";.;.;.;.;.;.
"Taivalkoski";"2021";"Maksullinen majoitus";.;.;.;.;.;.
"Taivalkoski";"2022";"Maksullinen majoitus";.;.;.;.;.;.
"Taivalkoski";"2023";"Maksullinen majoitus";.;.;.;.;.;.
"Tammela";"2012";"Maksullinen majoitus";.;.;.;.;.;.
"Tammela";"2013";"Maksullinen majoitus";.;.;.;.;.;.
"Tammela";"2014";"Maksullinen majoitus";.;.;.;.;.;.
"Tammela";"2015";"Maksullinen majoitus";.;.;.;.;.;.
"Tammela";"2016";"Maksullinen majoitus";.;.;.;.;.;.
"Tammela";"2017";"Maksullinen majoitus";.;.;.;.;.;.
"Tammela";"2018";"Maksullinen majoitus";.;.;.;.;.;.
"Tammela";"2019";"Maksullinen majoitus";.;.;.;.;.;.
"Tammela";"2020";"Maksullinen majoitus";.;.;.;.;.;.
"Tammela";"2021";"Maksullinen majoitus";.;.;.;.;.;.
"Tammela";"2022";"Maksullinen majoitus";.;.;.;.;.;.
"Tammela";"2023";"Maksullinen majoitus";.;.;.;.;.;.
"Tampere";"2012";"Maksullinen majoitus";580;..;1080;..;1.9;2.0
"Tampere";"2013";"Maksullinen majoitus";550;-6;940;-13;1.7;1.0
"Tampere";"2014";"Maksullinen majoitus";390;-28;670;-29;1.7;1.0
"Tampere";"2015";"Maksullinen majoitus";530;36;890;33;1.7;1.0
"Tampere";"2016";"Maksullinen majoitus";570;8;960;8;1.7;1.0
"Tampere";"2017";"Maksullinen majoitus";720;26;1320;38;1.8;1.0
"Tampere";"2018";"Maksullinen majoitus";640;-11;1240;-6;1.9;1.0
"Tampere";"2019";"Maksullinen majoitus";570;-10;840;-32;1.5;1.0
"Tampere";"2020";"Maksullinen majoitus";320;-43;620;-26;1.9;2.0
"Tampere";"2021";"Maksullinen majoitus";460;43;830;33;1.8;1.0
"Tampere";"2022";"Maksullinen majoitus";460;-1;950;14;2.1;1.0
"Tampere";"2023";"Maksullinen majoitus";470;2;1080;13;2.3;2.0
"Tornio";"2012";"Maksullinen majoitus";.;.;.;.;.;.
"Tornio";"2013";"Maksullinen majoitus";.;.;.;.;.;.
"Tornio";"2014";"Maksullinen majoitus";.;.;.;.;.;.
"Tornio";"2015";"Maksullinen majoitus";.;.;.;.;.;.
"Tornio";"2016";"Maksullinen majoitus";.;.;.;.;.;.
"Tornio";"2017";"Maksullinen majoitus";.;.;.;.;.;.
"Tornio";"2018";"Maksullinen majoitus";.;.;.;.;.;.
"Tornio";"2019";"Maksullinen majoitus";.;.;.;.;.;.
"Tornio";"2020";"Maksullinen majoitus";.;.;.;.;.;.
"Tornio";"2021";"Maksullinen majoitus";.;.;.;.;.;.
"Tornio";"2022";"Maksullinen majoitus";.;.;.;.;.;.
"Tornio";"2023";"Maksullinen majoitus";.;.;.;.;.;.
"Turku";"2012";"Maksullinen majoitus";330;..;630;..;1.9;2.0
"Turku";"2013";"Maksullinen majoitus";280;-15;460;-27;1.6;1.0
"Turku";"2014";"Maksullinen majoitus";290;4;590;26;2.0;2.0
"Turku";"2015";"Maksullinen majoitus";410;43;810;38;2.0;2.0
"Turku";"2016";"Maksullinen majoitus";290;-28;480;-41;1.7;1.0
"Turku";"2017";"Maksullinen majoitus";330;11;760;60;2.3;1.0
"Turku";"2018";"Maksullinen majoitus";320;-3;590;-22;1.8;2.0
"Turku";"2019";"Maksullinen majoitus";380;18;700;18;1.8;2.0
"Turku";"2020";"Maksullinen majoitus";220;-42;470;-33;2.1;2.0
"Turku";"2021";"Maksullinen majoitus";330;54;590;27;1.8;2.0
"Turku";"2022";"Maksullinen majoitus";400;18;780;32;2.0;2.0
"Turku";"2023";"Maksullinen majoitus";260;-34;400;-48;1.5;1.0
"Uusikaupunki";"2012";"Maksullinen majoitus";.;.;.;.;.;.
"Uusikaupunki";"2013";"Maksullinen majoitus";.;.;.;.;.;.
"Uusikaupunki";"2014";"Maksullinen majoitus";.;.;.;.;.;.
"Uusikaupunki";"2015";"Maksullinen majoitus";.;.;.;.;.;.
"Uusikaupunki";"2016";"Maksullinen majoitus";.;.;.;.;.;.
"Uusikaupunki";"2017";"Maksullinen majoitus";.;.;.;.;.;.
"Uusikaupunki";"2018";"Maksullinen majoitus";.;.;.;.;.;.
"Uusikaupunki";"2019";"Maksullinen majoitus";.;.;.;.;.;.
"Uusikaupunki";"2020";"Maksullinen majoitus";.;.;.;.;.;.
"Uusikaupunki";"2021";"Maksullinen majoitus";.;.;.;.;.;.
"Uusikaupunki";"2022";"Maksullinen majoitus";.;.;.;.;.;.
"Uusikaupunki";"2023";"Maksullinen majoitus";.;.;.;.;.;.
"Vaala";"2012";"Maksullinen majoitus";.;.;.;.;.;.
"Vaala";"2013";"Maksullinen majoitus";.;.;.;.;.;.
"Vaala";"2014";"Maksullinen majoitus";.;.;.;.;.;.
"Vaala";"2015";"Maksullinen majoitus";.;.;.;.;.;.
"Vaala";"2016";"Maksullinen majoitus";.;.;.;.;.;.
"Vaala";"2017";"Maksullinen majoitus";.;.;.;.;.;.
"Vaala";"2018";"Maksullinen majoitus";.;.;.;.;.;.
"Vaala";"2019";"Maksullinen majoitus";.;.;.;.;.;.
"Vaala";"2020";"Maksullinen majoitus";.;.;.;.;.;.
"Vaala";"2021";"Maksullinen majoitus";.;.;.;.;.;.
"Vaala";"2022";"Maksullinen majoitus";.;.;.;.;.;.
"Vaala";"2023";"Maksullinen majoitus";.;.;.;.;.;.
"Vaasa";"2012";"Maksullinen majoitus";100;..;200;..;2.0;2.0
"Vaasa";"2013";"Maksullinen majoitus";110;16;250;27;2.3;1.0
"Vaasa";"2014";"Maksullinen majoitus";.;.;.;.;.;.
"Vaasa";"2015";"Maksullinen majoitus";100;..;220;..;2.2;2.0
"Vaasa";"2016";"Maksullinen majoitus";.;.;.;.;.;.
"Vaasa";"2017";"Maksullinen majoitus";100;..;170;..;1.7;1.0
"Vaasa";"2018";"Maksullinen majoitus";.;.;.;.;.;.
"Vaasa";"2019";"Maksullinen majoitus";100;..;220;..;2.2;1.0
"Vaasa";"2020";"Maksullinen majoitus";.;.;.;.;.;.
"Vaasa";"2021";"Maksullinen majoitus";.;.;.;.;.;.
"Vaasa";"2022";"Maksullinen majoitus";.;.;.;.;.;.
"Vaasa";"2023";"Maksullinen majoitus";.;.;.;.;.;.
"Vantaa";"2012";"Maksullinen majoitus";.;.;.;.;.;.
"Vantaa";"2013";"Maksullinen majoitus";.;.;.;.;.;.
"Vantaa";"2014";"Maksullinen majoitus";.;.;.;.;.;.
"Vantaa";"2015";"Maksullinen majoitus";.;.;.;.;.;.
"Vantaa";"2016";"Maksullinen majoitus";.;.;.;.;.;.
"Vantaa";"2017";"Maksullinen majoitus";.;.;.;.;.;.
"Vantaa";"2018";"Maksullinen majoitus";.;.;.;.;.;.
"Vantaa";"2019";"Maksullinen majoitus";110;..;160;..;1.5;1.0
"Vantaa";"2020";"Maksullinen majoitus";.;.;.;.;.;.
"Vantaa";"2021";"Maksullinen majoitus";.;.;.;.;.;.
"Vantaa";"2022";"Maksullinen majoitus";.;.;.;.;.;.
"Vantaa";"2023";"Maksullinen majoitus";.;.;.;.;.;.
"Varkaus";"2012";"Maksullinen majoitus";.;.;.;.;.;.
"Varkaus";"2013";"Maksullinen majoitus";.;.;.;.;.;.
"Varkaus";"2014";"Maksullinen majoitus";.;.;.;.;.;.
"Varkaus";"2015";"Maksullinen majoitus";.;.;.;.;.;.
"Varkaus";"2016";"Maksullinen majoitus";.;.;.;.;.;.
"Varkaus";"2017";"Maksullinen majoitus";.;.;.;.;.;.
"Varkaus";"2018";"Maksullinen majoitus";.;.;.;.;.;.
"Varkaus";"2019";"Maksullinen majoitus";.;.;.;.;.;.
"Varkaus";"2020";"Maksullinen majoitus";.;.;.;.;.;.
"Varkaus";"2021";"Maksullinen majoitus";.;.;.;.;.;.
"Varkaus";"2022";"Maksullinen majoitus";.;.;.;.;.;.
"Varkaus";"2023";"Maksullinen majoitus";.;.;.;.;.;.
"Vihti";"2012";"Maksullinen majoitus";.;.;.;.;.;.
"Vihti";"2013";"Maksullinen majoitus";.;.;.;.;.;.
"Vihti";"2014";"Maksullinen majoitus";.;.;.;.;.;.
"Vihti";"2015";"Maksullinen majoitus";.;.;.;.;.;.
"Vihti";"2016";"Maksullinen majoitus";.;.;.;.;.;.
"Vihti";"2017";"Maksullinen majoitus";.;.;.;.;.;.
"Vihti";"2018";"Maksullinen majoitus";.;.;.;.;.;.
"Vihti";"2019";"Maksullinen majoitus";.;.;.;.;.;.
"Vihti";"2020";"Maksullinen majoitus";.;.;.;.;.;.
"Vihti";"2021";"Maksullinen majoitus";.;.;.;.;.;.
"Vihti";"2022";"Maksullinen majoitus";.;.;.;.;.;.
"Vihti";"2023";"Maksullinen majoitus";.;.;.;.;.;.
"Virrat";"2012";"Maksullinen majoitus";.;.;.;.;.;.
"Virrat";"2013";"Maksullinen majoitus";.;.;.;.;.;.
"Virrat";"2014";"Maksullinen majoitus";.;.;.;.;.;.
"Virrat";"2015";"Maksullinen majoitus";.;.;.;.;.;.
"Virrat";"2016";"Maksullinen majoitus";.;.;.;.;.;.
"Virrat";"2017";"Maksullinen majoitus";.;.;.;.;.;.
"Virrat";"2018";"Maksullinen majoitus";.;.;.;.;.;.
"Virrat";"2019";"Maksullinen majoitus";.;.;.;.;.;.
"Virrat";"2020";"Maksullinen majoitus";.;.;.;.;.;.
"Virrat";"2021";"Maksullinen majoitus";.;.;.;.;.;.
"Virrat";"2022";"Maksullinen majoitus";.;.;.;.;.;.
"Virrat";"2023";"Maksullinen majoitus";.;.;.;.;.;.
"Ylöjärvi";"2012";"Maksullinen majoitus";.;.;.;.;.;.
"Ylöjärvi";"2013";"Maksullinen majoitus";.;.;.;.;.;.
"Ylöjärvi";"2014";"Maksullinen majoitus";.;.;.;.;.;.
"Ylöjärvi";"2015";"Maksullinen majoitus";.;.;.;.;.;.
"Ylöjärvi";"2016";"Maksullinen majoitus";.;.;.;.;.;.
"Ylöjärvi";"2017";"Maksullinen majoitus";.;.;.;.;.;.
"Ylöjärvi";"2018";"Maksullinen majoitus";.;.;.;.;.;.
"Ylöjärvi";"2019";"Maksullinen majoitus";.;.;.;.;.;.
"Ylöjärvi";"2020";"Maksullinen majoitus";.;.;.;.;.;.
"Ylöjärvi";"2021";"Maksullinen majoitus";.;.;.;.;.;.
"Ylöjärvi";"2022";"Maksullinen majoitus";.;.;.;.;.;.
"Ylöjärvi";"2023";"Maksullinen majoitus";.;.;.;.;.;.
"Ähtäri";"2012";"Maksullinen majoitus";.;.;.;.;.;.
"Ähtäri";"2013";"Maksullinen majoitus";.;.;.;.;.;.
"Ähtäri";"2014";"Maksullinen majoitus";.;.;.;.;.;.
"Ähtäri";"2015";"Maksullinen majoitus";.;.;.;.;.;.
"Ähtäri";"2016";"Maksullinen majoitus";.;.;.;.;.;.
"Ähtäri";"2017";"Maksullinen majoitus";.;.;.;.;.;.
"Ähtäri";"2018";"Maksullinen majoitus";.;.;.;.;.;.
"Ähtäri";"2019";"Maksullinen majoitus";.;.;.;.;.;.
"Ähtäri";"2020";"Maksullinen majoitus";.;.;.;.;.;.
"Ähtäri";"2021";"Maksullinen majoitus";.;.;.;.;.;.
"Ähtäri";"2022";"Maksullinen majoitus";.;.;.;.;.;.
"Ähtäri";"2023";"Maksullinen majoitus";.;.;.;.;.;.
"Äänekoski";"2012";"Maksullinen majoitus";.;.;.;.;.;.
"Äänekoski";"2013";"Maksullinen majoitus";.;.;.;.;.;.
"Äänekoski";"2014";"Maksullinen majoitus";.;.;.;.;.;.
"Äänekoski";"2015";"Maksullinen majoitus";.;.;.;.;.;.
"Äänekoski";"2016";"Maksullinen majoitus";.;.;.;.;.;.
"Äänekoski";"2017";"Maksullinen majoitus";.;.;.;.;.;.
"Äänekoski";"2018";"Maksullinen majoitus";.;.;.;.;.;.
"Äänekoski";"2019";"Maksullinen majoitus";.;.;.;.;.;.
"Äänekoski";"2020";"Maksullinen majoitus";.;.;.;.;.;.
"Äänekoski";"2021";"Maksullinen majoitus";.;.;.;.;.;.
"Äänekoski";"2022";"Maksullinen majoitus";.;.;.;.;.;.
"Äänekoski";"2023";"Maksullinen majoitus";.;.;.;.;.;.
